Analysis & Synthesis report for vga_driver_to_frame_buf
Sat Dec  6 12:58:44 2025
Quartus Prime Version 23.1std.1 Build 993 05/14/2024 SC Lite Edition


---------------------
; Table of Contents ;
---------------------
  1. Legal Notice
  2. Analysis & Synthesis Summary
  3. Analysis & Synthesis Settings
  4. Parallel Compilation
  5. Analysis & Synthesis Source Files Read
  6. Analysis & Synthesis Resource Usage Summary
  7. Analysis & Synthesis Resource Utilization by Entity
  8. Analysis & Synthesis RAM Summary
  9. State Machine - |vga_driver_to_frame_buf|debounce_switches:db|debounce:db12|S
 10. State Machine - |vga_driver_to_frame_buf|debounce_switches:db|debounce:db5|S
 11. State Machine - |vga_driver_to_frame_buf|debounce_switches:db|debounce:db4|S
 12. State Machine - |vga_driver_to_frame_buf|debounce_switches:db|debounce:db3|S
 13. State Machine - |vga_driver_to_frame_buf|debounce_switches:db|debounce:db2|S
 14. State Machine - |vga_driver_to_frame_buf|debounce_switches:db|debounce:db1|S
 15. State Machine - |vga_driver_to_frame_buf|debounce_switches:db|debounce:db13|S
 16. State Machine - |vga_driver_to_frame_buf|debounce_switches:db|debounce:db11|S
 17. State Machine - |vga_driver_to_frame_buf|debounce_switches:db|debounce:db10|S
 18. State Machine - |vga_driver_to_frame_buf|debounce_switches:db|debounce:db7|S
 19. State Machine - |vga_driver_to_frame_buf|debounce_switches:db|debounce:db6|S
 20. State Machine - |vga_driver_to_frame_buf|debounce_switches:db|debounce:db0|S
 21. State Machine - |vga_driver_to_frame_buf|vga_frame_driver:my_frame_driver|S
 22. State Machine - |vga_driver_to_frame_buf|vga_frame_driver:my_frame_driver|wr_id
 23. State Machine - |vga_driver_to_frame_buf|debounce_switches:db|debounce:db19|S
 24. State Machine - |vga_driver_to_frame_buf|debounce_switches:db|debounce:db18|S
 25. State Machine - |vga_driver_to_frame_buf|debounce_switches:db|debounce:db17|S
 26. State Machine - |vga_driver_to_frame_buf|debounce_switches:db|debounce:db16|S
 27. State Machine - |vga_driver_to_frame_buf|debounce_switches:db|debounce:db15|S
 28. State Machine - |vga_driver_to_frame_buf|debounce_switches:db|debounce:db14|S
 29. Registers Removed During Synthesis
 30. Removed Registers Triggering Further Register Optimizations
 31. General Register Statistics
 32. Inverted Register Statistics
 33. Multiplexer Restructuring Statistics (Restructuring Performed)
 34. Source assignments for vga_frame_driver:my_frame_driver|vga_frame:vga_memory0|altsyncram:altsyncram_component|altsyncram_1go1:auto_generated
 35. Source assignments for vga_frame_driver:my_frame_driver|vga_frame:vga_memory1|altsyncram:altsyncram_component|altsyncram_1go1:auto_generated
 36. Source assignments for vga_frame_driver:my_frame_driver|vga_frame:the_vga_draw_frame|altsyncram:altsyncram_component|altsyncram_1go1:auto_generated
 37. Parameter Settings for User Entity Instance: Top-level Entity: |vga_driver_to_frame_buf
 38. Parameter Settings for User Entity Instance: debounce_switches:db|debounce:db0
 39. Parameter Settings for User Entity Instance: debounce_switches:db|debounce:db1
 40. Parameter Settings for User Entity Instance: debounce_switches:db|debounce:db2
 41. Parameter Settings for User Entity Instance: debounce_switches:db|debounce:db3
 42. Parameter Settings for User Entity Instance: debounce_switches:db|debounce:db4
 43. Parameter Settings for User Entity Instance: debounce_switches:db|debounce:db5
 44. Parameter Settings for User Entity Instance: debounce_switches:db|debounce:db6
 45. Parameter Settings for User Entity Instance: debounce_switches:db|debounce:db7
 46. Parameter Settings for User Entity Instance: debounce_switches:db|debounce:db10
 47. Parameter Settings for User Entity Instance: debounce_switches:db|debounce:db11
 48. Parameter Settings for User Entity Instance: debounce_switches:db|debounce:db12
 49. Parameter Settings for User Entity Instance: debounce_switches:db|debounce:db13
 50. Parameter Settings for User Entity Instance: debounce_switches:db|debounce:db14
 51. Parameter Settings for User Entity Instance: debounce_switches:db|debounce:db15
 52. Parameter Settings for User Entity Instance: debounce_switches:db|debounce:db16
 53. Parameter Settings for User Entity Instance: debounce_switches:db|debounce:db17
 54. Parameter Settings for User Entity Instance: debounce_switches:db|debounce:db18
 55. Parameter Settings for User Entity Instance: debounce_switches:db|debounce:db19
 56. Parameter Settings for User Entity Instance: vga_frame_driver:my_frame_driver
 57. Parameter Settings for User Entity Instance: vga_frame_driver:my_frame_driver|vga_frame:vga_memory0|altsyncram:altsyncram_component
 58. Parameter Settings for User Entity Instance: vga_frame_driver:my_frame_driver|vga_frame:vga_memory1|altsyncram:altsyncram_component
 59. Parameter Settings for User Entity Instance: vga_frame_driver:my_frame_driver|vga_frame:the_vga_draw_frame|altsyncram:altsyncram_component
 60. Parameter Settings for User Entity Instance: vga_frame_driver:my_frame_driver|vga_driver:the_vga
 61. altsyncram Parameter Settings by Entity Instance
 62. Port Connectivity Checks: "vga_frame_driver:my_frame_driver|vga_frame:the_vga_draw_frame"
 63. Port Connectivity Checks: "vga_frame_driver:my_frame_driver|vga_frame:vga_memory1"
 64. Port Connectivity Checks: "vga_frame_driver:my_frame_driver|vga_frame:vga_memory0"
 65. Port Connectivity Checks: "vga_frame_driver:my_frame_driver"
 66. Port Connectivity Checks: "debounce_switches:db"
 67. Post-Synthesis Netlist Statistics for Top Partition
 68. Elapsed Time Per Partition
 69. Analysis & Synthesis Messages
 70. Analysis & Synthesis Suppressed Messages



----------------
; Legal Notice ;
----------------
Copyright (C) 2024  Intel Corporation. All rights reserved.
Your use of Intel Corporation's design tools, logic functions 
and other software and tools, and any partner logic 
functions, and any output files from any of the foregoing 
(including device programming or simulation files), and any 
associated documentation or information are expressly subject 
to the terms and conditions of the Intel Program License 
Subscription Agreement, the Intel Quartus Prime License Agreement,
the Intel FPGA IP License Agreement, or other applicable license
agreement, including, without limitation, that your use is for
the sole purpose of programming logic devices manufactured by
Intel and sold by Intel or its authorized distributors.  Please
refer to the applicable agreement for further details, at
https://fpgasoftware.intel.com/eula.



+----------------------------------------------------------------------------------+
; Analysis & Synthesis Summary                                                     ;
+---------------------------------+------------------------------------------------+
; Analysis & Synthesis Status     ; Successful - Sat Dec  6 12:58:44 2025          ;
; Quartus Prime Version           ; 23.1std.1 Build 993 05/14/2024 SC Lite Edition ;
; Revision Name                   ; vga_driver_to_frame_buf                        ;
; Top-level Entity Name           ; vga_driver_to_frame_buf                        ;
; Family                          ; Cyclone V                                      ;
; Logic utilization (in ALMs)     ; N/A                                            ;
; Total registers                 ; 754                                            ;
; Total pins                      ; 82                                             ;
; Total virtual pins              ; 0                                              ;
; Total block memory bits         ; 2,359,296                                      ;
; Total DSP Blocks                ; 0                                              ;
; Total HSSI RX PCSs              ; 0                                              ;
; Total HSSI PMA RX Deserializers ; 0                                              ;
; Total HSSI TX PCSs              ; 0                                              ;
; Total HSSI PMA TX Serializers   ; 0                                              ;
; Total PLLs                      ; 0                                              ;
; Total DLLs                      ; 0                                              ;
+---------------------------------+------------------------------------------------+


+-------------------------------------------------------------------------------------------------------------------------------------+
; Analysis & Synthesis Settings                                                                                                       ;
+---------------------------------------------------------------------------------+-------------------------+-------------------------+
; Option                                                                          ; Setting                 ; Default Value           ;
+---------------------------------------------------------------------------------+-------------------------+-------------------------+
; Device                                                                          ; 5CSEMA5F31C6            ;                         ;
; Top-level entity name                                                           ; vga_driver_to_frame_buf ; vga_driver_to_frame_buf ;
; Family name                                                                     ; Cyclone V               ; Cyclone V               ;
; Maximum processors allowed for parallel compilation                             ; All                     ;                         ;
; Use smart compilation                                                           ; Off                     ; Off                     ;
; Enable parallel Assembler and Timing Analyzer during compilation                ; On                      ; On                      ;
; Enable compact report table                                                     ; Off                     ; Off                     ;
; Restructure Multiplexers                                                        ; Auto                    ; Auto                    ;
; MLAB Add Timing Constraints For Mixed-Port Feed-Through Mode Setting Don't Care ; Off                     ; Off                     ;
; Create Debugging Nodes for IP Cores                                             ; Off                     ; Off                     ;
; Preserve fewer node names                                                       ; On                      ; On                      ;
; Intel FPGA IP Evaluation Mode                                                   ; Enable                  ; Enable                  ;
; Verilog Version                                                                 ; Verilog_2001            ; Verilog_2001            ;
; VHDL Version                                                                    ; VHDL_1993               ; VHDL_1993               ;
; State Machine Processing                                                        ; Auto                    ; Auto                    ;
; Safe State Machine                                                              ; Off                     ; Off                     ;
; Extract Verilog State Machines                                                  ; On                      ; On                      ;
; Extract VHDL State Machines                                                     ; On                      ; On                      ;
; Ignore Verilog initial constructs                                               ; Off                     ; Off                     ;
; Iteration limit for constant Verilog loops                                      ; 5000                    ; 5000                    ;
; Iteration limit for non-constant Verilog loops                                  ; 250                     ; 250                     ;
; Add Pass-Through Logic to Inferred RAMs                                         ; On                      ; On                      ;
; Infer RAMs from Raw Logic                                                       ; On                      ; On                      ;
; Parallel Synthesis                                                              ; On                      ; On                      ;
; DSP Block Balancing                                                             ; Auto                    ; Auto                    ;
; NOT Gate Push-Back                                                              ; On                      ; On                      ;
; Power-Up Don't Care                                                             ; On                      ; On                      ;
; Remove Redundant Logic Cells                                                    ; Off                     ; Off                     ;
; Remove Duplicate Registers                                                      ; On                      ; On                      ;
; Ignore CARRY Buffers                                                            ; Off                     ; Off                     ;
; Ignore CASCADE Buffers                                                          ; Off                     ; Off                     ;
; Ignore GLOBAL Buffers                                                           ; Off                     ; Off                     ;
; Ignore ROW GLOBAL Buffers                                                       ; Off                     ; Off                     ;
; Ignore LCELL Buffers                                                            ; Off                     ; Off                     ;
; Ignore SOFT Buffers                                                             ; On                      ; On                      ;
; Limit AHDL Integers to 32 Bits                                                  ; Off                     ; Off                     ;
; Optimization Technique                                                          ; Balanced                ; Balanced                ;
; Carry Chain Length                                                              ; 70                      ; 70                      ;
; Auto Carry Chains                                                               ; On                      ; On                      ;
; Auto Open-Drain Pins                                                            ; On                      ; On                      ;
; Perform WYSIWYG Primitive Resynthesis                                           ; Off                     ; Off                     ;
; Auto ROM Replacement                                                            ; On                      ; On                      ;
; Auto RAM Replacement                                                            ; On                      ; On                      ;
; Auto DSP Block Replacement                                                      ; On                      ; On                      ;
; Auto Shift Register Replacement                                                 ; Auto                    ; Auto                    ;
; Allow Shift Register Merging across Hierarchies                                 ; Auto                    ; Auto                    ;
; Auto Clock Enable Replacement                                                   ; On                      ; On                      ;
; Strict RAM Replacement                                                          ; Off                     ; Off                     ;
; Allow Synchronous Control Signals                                               ; On                      ; On                      ;
; Force Use of Synchronous Clear Signals                                          ; Off                     ; Off                     ;
; Auto Resource Sharing                                                           ; Off                     ; Off                     ;
; Allow Any RAM Size For Recognition                                              ; Off                     ; Off                     ;
; Allow Any ROM Size For Recognition                                              ; Off                     ; Off                     ;
; Allow Any Shift Register Size For Recognition                                   ; Off                     ; Off                     ;
; Use LogicLock Constraints during Resource Balancing                             ; On                      ; On                      ;
; Ignore translate_off and synthesis_off directives                               ; Off                     ; Off                     ;
; Timing-Driven Synthesis                                                         ; On                      ; On                      ;
; Report Parameter Settings                                                       ; On                      ; On                      ;
; Report Source Assignments                                                       ; On                      ; On                      ;
; Report Connectivity Checks                                                      ; On                      ; On                      ;
; Ignore Maximum Fan-Out Assignments                                              ; Off                     ; Off                     ;
; Synchronization Register Chain Length                                           ; 3                       ; 3                       ;
; Power Optimization During Synthesis                                             ; Normal compilation      ; Normal compilation      ;
; HDL message level                                                               ; Level2                  ; Level2                  ;
; Suppress Register Optimization Related Messages                                 ; Off                     ; Off                     ;
; Number of Removed Registers Reported in Synthesis Report                        ; 5000                    ; 5000                    ;
; Number of Swept Nodes Reported in Synthesis Report                              ; 5000                    ; 5000                    ;
; Number of Inverted Registers Reported in Synthesis Report                       ; 100                     ; 100                     ;
; Clock MUX Protection                                                            ; On                      ; On                      ;
; Auto Gated Clock Conversion                                                     ; Off                     ; Off                     ;
; Block Design Naming                                                             ; Auto                    ; Auto                    ;
; SDC constraint protection                                                       ; Off                     ; Off                     ;
; Synthesis Effort                                                                ; Auto                    ; Auto                    ;
; Shift Register Replacement - Allow Asynchronous Clear Signal                    ; On                      ; On                      ;
; Pre-Mapping Resynthesis Optimization                                            ; Off                     ; Off                     ;
; Analysis & Synthesis Message Level                                              ; Medium                  ; Medium                  ;
; Disable Register Merging Across Hierarchies                                     ; Auto                    ; Auto                    ;
; Resource Aware Inference For Block RAM                                          ; On                      ; On                      ;
; Automatic Parallel Synthesis                                                    ; On                      ; On                      ;
; Partial Reconfiguration Bitstream ID                                            ; Off                     ; Off                     ;
+---------------------------------------------------------------------------------+-------------------------+-------------------------+


+------------------------------------------+
; Parallel Compilation                     ;
+----------------------------+-------------+
; Processors                 ; Number      ;
+----------------------------+-------------+
; Number detected on machine ; 28          ;
; Maximum allowed            ; 16          ;
;                            ;             ;
; Average used               ; 2.22        ;
; Maximum used               ; 16          ;
;                            ;             ;
; Usage by Processor         ; % Time Used ;
;     Processor 1            ; 100.0%      ;
;     Processor 2            ;  28.3%      ;
;     Processor 3            ;  28.3%      ;
;     Processor 4            ;  24.5%      ;
;     Processor 5            ;  16.5%      ;
;     Processor 6            ;  16.5%      ;
;     Processor 7            ;   8.1%      ;
;     Processor 8            ;   0.0%      ;
;     Processors 9-16        ;   0.0%      ;
+----------------------------+-------------+


+-----------------------------------------------------------------------------------------------------------------------------------------------------------------------------------+
; Analysis & Synthesis Source Files Read                                                                                                                                            ;
+----------------------------------+-----------------+----------------------------------+---------------------------------------------------------------------------------+---------+
; File Name with User-Entered Path ; Used in Netlist ; File Type                        ; File Name with Absolute Path                                                    ; Library ;
+----------------------------------+-----------------+----------------------------------+---------------------------------------------------------------------------------+---------+
; vga_frame_driver.v               ; yes             ; User Verilog HDL File            ; M:/ECE287/FINAL PROJECT/Space Invaders/Project/vga_frame_driver.v               ;         ;
; vga_frame.v                      ; yes             ; User Wizard-Generated File       ; M:/ECE287/FINAL PROJECT/Space Invaders/Project/vga_frame.v                      ;         ;
; debounce.v                       ; yes             ; User Verilog HDL File            ; M:/ECE287/FINAL PROJECT/Space Invaders/Project/debounce.v                       ;         ;
; vga_driver_to_frame_buf.v        ; yes             ; User Verilog HDL File            ; M:/ECE287/FINAL PROJECT/Space Invaders/Project/vga_driver_to_frame_buf.v        ;         ;
; vga_driver.v                     ; yes             ; User Verilog HDL File            ; M:/ECE287/FINAL PROJECT/Space Invaders/Project/vga_driver.v                     ;         ;
; image.mif                        ; yes             ; User Memory Initialization File  ; M:/ECE287/FINAL PROJECT/Space Invaders/Project/image.mif                        ;         ;
; altsyncram.tdf                   ; yes             ; Megafunction                     ; c:/intelfpga_lite/23.1std/quartus/libraries/megafunctions/altsyncram.tdf        ;         ;
; stratix_ram_block.inc            ; yes             ; Megafunction                     ; c:/intelfpga_lite/23.1std/quartus/libraries/megafunctions/stratix_ram_block.inc ;         ;
; lpm_mux.inc                      ; yes             ; Megafunction                     ; c:/intelfpga_lite/23.1std/quartus/libraries/megafunctions/lpm_mux.inc           ;         ;
; lpm_decode.inc                   ; yes             ; Megafunction                     ; c:/intelfpga_lite/23.1std/quartus/libraries/megafunctions/lpm_decode.inc        ;         ;
; aglobal231.inc                   ; yes             ; Megafunction                     ; c:/intelfpga_lite/23.1std/quartus/libraries/megafunctions/aglobal231.inc        ;         ;
; a_rdenreg.inc                    ; yes             ; Megafunction                     ; c:/intelfpga_lite/23.1std/quartus/libraries/megafunctions/a_rdenreg.inc         ;         ;
; altrom.inc                       ; yes             ; Megafunction                     ; c:/intelfpga_lite/23.1std/quartus/libraries/megafunctions/altrom.inc            ;         ;
; altram.inc                       ; yes             ; Megafunction                     ; c:/intelfpga_lite/23.1std/quartus/libraries/megafunctions/altram.inc            ;         ;
; altdpram.inc                     ; yes             ; Megafunction                     ; c:/intelfpga_lite/23.1std/quartus/libraries/megafunctions/altdpram.inc          ;         ;
; db/altsyncram_1go1.tdf           ; yes             ; Auto-Generated Megafunction      ; M:/ECE287/FINAL PROJECT/Space Invaders/Project/db/altsyncram_1go1.tdf           ;         ;
; db/decode_8la.tdf                ; yes             ; Auto-Generated Megafunction      ; M:/ECE287/FINAL PROJECT/Space Invaders/Project/db/decode_8la.tdf                ;         ;
; db/decode_11a.tdf                ; yes             ; Auto-Generated Megafunction      ; M:/ECE287/FINAL PROJECT/Space Invaders/Project/db/decode_11a.tdf                ;         ;
; db/mux_6hb.tdf                   ; yes             ; Auto-Generated Megafunction      ; M:/ECE287/FINAL PROJECT/Space Invaders/Project/db/mux_6hb.tdf                   ;         ;
+----------------------------------+-----------------+----------------------------------+---------------------------------------------------------------------------------+---------+


+--------------------------------------------------------------+
; Analysis & Synthesis Resource Usage Summary                  ;
+---------------------------------------------+----------------+
; Resource                                    ; Usage          ;
+---------------------------------------------+----------------+
; Estimate of Logic utilization (ALMs needed) ; 2632           ;
;                                             ;                ;
; Combinational ALUT usage for logic          ; 4142           ;
;     -- 7 input functions                    ; 3              ;
;     -- 6 input functions                    ; 1111           ;
;     -- 5 input functions                    ; 574            ;
;     -- 4 input functions                    ; 704            ;
;     -- <=3 input functions                  ; 1750           ;
;                                             ;                ;
; Dedicated logic registers                   ; 754            ;
;                                             ;                ;
; I/O pins                                    ; 82             ;
; Total MLAB memory bits                      ; 0              ;
; Total block memory bits                     ; 2359296        ;
;                                             ;                ;
; Total DSP Blocks                            ; 0              ;
;                                             ;                ;
; Maximum fan-out node                        ; CLOCK_50~input ;
; Maximum fan-out                             ; 1042           ;
; Total fan-out                               ; 24075          ;
; Average fan-out                             ; 4.50           ;
+---------------------------------------------+----------------+


+-------------------------------------------------------------------------------------------------------------------------------------------------------------------------------------------------------------------------------------------------------------------------------------------------------------------------------------------------------------------------------+
; Analysis & Synthesis Resource Utilization by Entity                                                                                                                                                                                                                                                                                                                           ;
+----------------------------------------------+---------------------+---------------------------+-------------------+------------+------+--------------+------------------------------------------------------------------------------------------------------------------------------------------------------------------------------+-------------------------+--------------+
; Compilation Hierarchy Node                   ; Combinational ALUTs ; Dedicated Logic Registers ; Block Memory Bits ; DSP Blocks ; Pins ; Virtual Pins ; Full Hierarchy Name                                                                                                                                                          ; Entity Name             ; Library Name ;
+----------------------------------------------+---------------------+---------------------------+-------------------+------------+------+--------------+------------------------------------------------------------------------------------------------------------------------------------------------------------------------------+-------------------------+--------------+
; |vga_driver_to_frame_buf                     ; 4142 (3839)         ; 754 (664)                 ; 2359296           ; 0          ; 82   ; 0            ; |vga_driver_to_frame_buf                                                                                                                                                     ; vga_driver_to_frame_buf ; work         ;
;    |vga_frame_driver:my_frame_driver|        ; 303 (222)           ; 90 (63)                   ; 2359296           ; 0          ; 0    ; 0            ; |vga_driver_to_frame_buf|vga_frame_driver:my_frame_driver                                                                                                                    ; vga_frame_driver        ; work         ;
;       |vga_driver:the_vga|                   ; 37 (37)             ; 21 (21)                   ; 0                 ; 0          ; 0    ; 0            ; |vga_driver_to_frame_buf|vga_frame_driver:my_frame_driver|vga_driver:the_vga                                                                                                 ; vga_driver              ; work         ;
;       |vga_frame:the_vga_draw_frame|         ; 28 (0)              ; 2 (0)                     ; 786432            ; 0          ; 0    ; 0            ; |vga_driver_to_frame_buf|vga_frame_driver:my_frame_driver|vga_frame:the_vga_draw_frame                                                                                       ; vga_frame               ; work         ;
;          |altsyncram:altsyncram_component|   ; 28 (0)              ; 2 (0)                     ; 786432            ; 0          ; 0    ; 0            ; |vga_driver_to_frame_buf|vga_frame_driver:my_frame_driver|vga_frame:the_vga_draw_frame|altsyncram:altsyncram_component                                                       ; altsyncram              ; work         ;
;             |altsyncram_1go1:auto_generated| ; 28 (0)              ; 2 (2)                     ; 786432            ; 0          ; 0    ; 0            ; |vga_driver_to_frame_buf|vga_frame_driver:my_frame_driver|vga_frame:the_vga_draw_frame|altsyncram:altsyncram_component|altsyncram_1go1:auto_generated                        ; altsyncram_1go1         ; work         ;
;                |decode_11a:rden_decode|      ; 4 (4)               ; 0 (0)                     ; 0                 ; 0          ; 0    ; 0            ; |vga_driver_to_frame_buf|vga_frame_driver:my_frame_driver|vga_frame:the_vga_draw_frame|altsyncram:altsyncram_component|altsyncram_1go1:auto_generated|decode_11a:rden_decode ; decode_11a              ; work         ;
;                |mux_6hb:mux2|                ; 24 (24)             ; 0 (0)                     ; 0                 ; 0          ; 0    ; 0            ; |vga_driver_to_frame_buf|vga_frame_driver:my_frame_driver|vga_frame:the_vga_draw_frame|altsyncram:altsyncram_component|altsyncram_1go1:auto_generated|mux_6hb:mux2           ; mux_6hb                 ; work         ;
;       |vga_frame:vga_memory0|                ; 8 (0)               ; 2 (0)                     ; 786432            ; 0          ; 0    ; 0            ; |vga_driver_to_frame_buf|vga_frame_driver:my_frame_driver|vga_frame:vga_memory0                                                                                              ; vga_frame               ; work         ;
;          |altsyncram:altsyncram_component|   ; 8 (0)               ; 2 (0)                     ; 786432            ; 0          ; 0    ; 0            ; |vga_driver_to_frame_buf|vga_frame_driver:my_frame_driver|vga_frame:vga_memory0|altsyncram:altsyncram_component                                                              ; altsyncram              ; work         ;
;             |altsyncram_1go1:auto_generated| ; 8 (0)               ; 2 (2)                     ; 786432            ; 0          ; 0    ; 0            ; |vga_driver_to_frame_buf|vga_frame_driver:my_frame_driver|vga_frame:vga_memory0|altsyncram:altsyncram_component|altsyncram_1go1:auto_generated                               ; altsyncram_1go1         ; work         ;
;                |decode_11a:rden_decode|      ; 3 (3)               ; 0 (0)                     ; 0                 ; 0          ; 0    ; 0            ; |vga_driver_to_frame_buf|vga_frame_driver:my_frame_driver|vga_frame:vga_memory0|altsyncram:altsyncram_component|altsyncram_1go1:auto_generated|decode_11a:rden_decode        ; decode_11a              ; work         ;
;                |decode_8la:decode3|          ; 5 (5)               ; 0 (0)                     ; 0                 ; 0          ; 0    ; 0            ; |vga_driver_to_frame_buf|vga_frame_driver:my_frame_driver|vga_frame:vga_memory0|altsyncram:altsyncram_component|altsyncram_1go1:auto_generated|decode_8la:decode3            ; decode_8la              ; work         ;
;       |vga_frame:vga_memory1|                ; 8 (0)               ; 2 (0)                     ; 786432            ; 0          ; 0    ; 0            ; |vga_driver_to_frame_buf|vga_frame_driver:my_frame_driver|vga_frame:vga_memory1                                                                                              ; vga_frame               ; work         ;
;          |altsyncram:altsyncram_component|   ; 8 (0)               ; 2 (0)                     ; 786432            ; 0          ; 0    ; 0            ; |vga_driver_to_frame_buf|vga_frame_driver:my_frame_driver|vga_frame:vga_memory1|altsyncram:altsyncram_component                                                              ; altsyncram              ; work         ;
;             |altsyncram_1go1:auto_generated| ; 8 (0)               ; 2 (2)                     ; 786432            ; 0          ; 0    ; 0            ; |vga_driver_to_frame_buf|vga_frame_driver:my_frame_driver|vga_frame:vga_memory1|altsyncram:altsyncram_component|altsyncram_1go1:auto_generated                               ; altsyncram_1go1         ; work         ;
;                |decode_11a:rden_decode|      ; 3 (3)               ; 0 (0)                     ; 0                 ; 0          ; 0    ; 0            ; |vga_driver_to_frame_buf|vga_frame_driver:my_frame_driver|vga_frame:vga_memory1|altsyncram:altsyncram_component|altsyncram_1go1:auto_generated|decode_11a:rden_decode        ; decode_11a              ; work         ;
;                |decode_8la:decode3|          ; 5 (5)               ; 0 (0)                     ; 0                 ; 0          ; 0    ; 0            ; |vga_driver_to_frame_buf|vga_frame_driver:my_frame_driver|vga_frame:vga_memory1|altsyncram:altsyncram_component|altsyncram_1go1:auto_generated|decode_8la:decode3            ; decode_8la              ; work         ;
+----------------------------------------------+---------------------+---------------------------+-------------------+------------+------+--------------+------------------------------------------------------------------------------------------------------------------------------------------------------------------------------+-------------------------+--------------+
Note: For table entries with two numbers listed, the numbers in parentheses indicate the number of resources of the given type used by the specific entity alone. The numbers listed outside of parentheses indicate the total resources of the given type used by the specific entity and all of its sub-entities in the hierarchy.


+-----------------------------------------------------------------------------------------------------------------------------------------------------------------------------------------------------------------------------------------------+
; Analysis & Synthesis RAM Summary                                                                                                                                                                                                              ;
+-----------------------------------------------------------------------------------------------------------------------------------------+------+-------------+--------------+--------------+--------------+--------------+--------+-----------+
; Name                                                                                                                                    ; Type ; Mode        ; Port A Depth ; Port A Width ; Port B Depth ; Port B Width ; Size   ; MIF       ;
+-----------------------------------------------------------------------------------------------------------------------------------------+------+-------------+--------------+--------------+--------------+--------------+--------+-----------+
; vga_frame_driver:my_frame_driver|vga_frame:the_vga_draw_frame|altsyncram:altsyncram_component|altsyncram_1go1:auto_generated|ALTSYNCRAM ; AUTO ; Single Port ; 32768        ; 24           ; --           ; --           ; 786432 ; image.mif ;
; vga_frame_driver:my_frame_driver|vga_frame:vga_memory0|altsyncram:altsyncram_component|altsyncram_1go1:auto_generated|ALTSYNCRAM        ; AUTO ; Single Port ; 32768        ; 24           ; --           ; --           ; 786432 ; image.mif ;
; vga_frame_driver:my_frame_driver|vga_frame:vga_memory1|altsyncram:altsyncram_component|altsyncram_1go1:auto_generated|ALTSYNCRAM        ; AUTO ; Single Port ; 32768        ; 24           ; --           ; --           ; 786432 ; image.mif ;
+-----------------------------------------------------------------------------------------------------------------------------------------+------+-------------+--------------+--------------+--------------+--------------+--------+-----------+


Encoding Type:  One-Hot
+--------------------------------------------------------------------------------+
; State Machine - |vga_driver_to_frame_buf|debounce_switches:db|debounce:db12|S  ;
+--------------+---------+--------------+--------+-------------+-------+---------+
; Name         ; S.ERROR ; S.MAYBE_ZERO ; S.ZERO ; S.MAYBE_ONE ; S.ONE ; S.START ;
+--------------+---------+--------------+--------+-------------+-------+---------+
; S.START      ; 0       ; 0            ; 0      ; 0           ; 0     ; 0       ;
; S.ONE        ; 0       ; 0            ; 0      ; 0           ; 1     ; 1       ;
; S.MAYBE_ONE  ; 0       ; 0            ; 0      ; 1           ; 0     ; 1       ;
; S.ZERO       ; 0       ; 0            ; 1      ; 0           ; 0     ; 1       ;
; S.MAYBE_ZERO ; 0       ; 1            ; 0      ; 0           ; 0     ; 1       ;
; S.ERROR      ; 1       ; 0            ; 0      ; 0           ; 0     ; 1       ;
+--------------+---------+--------------+--------+-------------+-------+---------+


Encoding Type:  One-Hot
+--------------------------------------------------------------------------------+
; State Machine - |vga_driver_to_frame_buf|debounce_switches:db|debounce:db5|S   ;
+--------------+---------+--------------+--------+-------------+-------+---------+
; Name         ; S.ERROR ; S.MAYBE_ZERO ; S.ZERO ; S.MAYBE_ONE ; S.ONE ; S.START ;
+--------------+---------+--------------+--------+-------------+-------+---------+
; S.START      ; 0       ; 0            ; 0      ; 0           ; 0     ; 0       ;
; S.ONE        ; 0       ; 0            ; 0      ; 0           ; 1     ; 1       ;
; S.MAYBE_ONE  ; 0       ; 0            ; 0      ; 1           ; 0     ; 1       ;
; S.ZERO       ; 0       ; 0            ; 1      ; 0           ; 0     ; 1       ;
; S.MAYBE_ZERO ; 0       ; 1            ; 0      ; 0           ; 0     ; 1       ;
; S.ERROR      ; 1       ; 0            ; 0      ; 0           ; 0     ; 1       ;
+--------------+---------+--------------+--------+-------------+-------+---------+


Encoding Type:  One-Hot
+--------------------------------------------------------------------------------+
; State Machine - |vga_driver_to_frame_buf|debounce_switches:db|debounce:db4|S   ;
+--------------+---------+--------------+--------+-------------+-------+---------+
; Name         ; S.ERROR ; S.MAYBE_ZERO ; S.ZERO ; S.MAYBE_ONE ; S.ONE ; S.START ;
+--------------+---------+--------------+--------+-------------+-------+---------+
; S.START      ; 0       ; 0            ; 0      ; 0           ; 0     ; 0       ;
; S.ONE        ; 0       ; 0            ; 0      ; 0           ; 1     ; 1       ;
; S.MAYBE_ONE  ; 0       ; 0            ; 0      ; 1           ; 0     ; 1       ;
; S.ZERO       ; 0       ; 0            ; 1      ; 0           ; 0     ; 1       ;
; S.MAYBE_ZERO ; 0       ; 1            ; 0      ; 0           ; 0     ; 1       ;
; S.ERROR      ; 1       ; 0            ; 0      ; 0           ; 0     ; 1       ;
+--------------+---------+--------------+--------+-------------+-------+---------+


Encoding Type:  One-Hot
+--------------------------------------------------------------------------------+
; State Machine - |vga_driver_to_frame_buf|debounce_switches:db|debounce:db3|S   ;
+--------------+---------+--------------+--------+-------------+-------+---------+
; Name         ; S.ERROR ; S.MAYBE_ZERO ; S.ZERO ; S.MAYBE_ONE ; S.ONE ; S.START ;
+--------------+---------+--------------+--------+-------------+-------+---------+
; S.START      ; 0       ; 0            ; 0      ; 0           ; 0     ; 0       ;
; S.ONE        ; 0       ; 0            ; 0      ; 0           ; 1     ; 1       ;
; S.MAYBE_ONE  ; 0       ; 0            ; 0      ; 1           ; 0     ; 1       ;
; S.ZERO       ; 0       ; 0            ; 1      ; 0           ; 0     ; 1       ;
; S.MAYBE_ZERO ; 0       ; 1            ; 0      ; 0           ; 0     ; 1       ;
; S.ERROR      ; 1       ; 0            ; 0      ; 0           ; 0     ; 1       ;
+--------------+---------+--------------+--------+-------------+-------+---------+


Encoding Type:  One-Hot
+--------------------------------------------------------------------------------+
; State Machine - |vga_driver_to_frame_buf|debounce_switches:db|debounce:db2|S   ;
+--------------+---------+--------------+--------+-------------+-------+---------+
; Name         ; S.ERROR ; S.MAYBE_ZERO ; S.ZERO ; S.MAYBE_ONE ; S.ONE ; S.START ;
+--------------+---------+--------------+--------+-------------+-------+---------+
; S.START      ; 0       ; 0            ; 0      ; 0           ; 0     ; 0       ;
; S.ONE        ; 0       ; 0            ; 0      ; 0           ; 1     ; 1       ;
; S.MAYBE_ONE  ; 0       ; 0            ; 0      ; 1           ; 0     ; 1       ;
; S.ZERO       ; 0       ; 0            ; 1      ; 0           ; 0     ; 1       ;
; S.MAYBE_ZERO ; 0       ; 1            ; 0      ; 0           ; 0     ; 1       ;
; S.ERROR      ; 1       ; 0            ; 0      ; 0           ; 0     ; 1       ;
+--------------+---------+--------------+--------+-------------+-------+---------+


Encoding Type:  One-Hot
+--------------------------------------------------------------------------------+
; State Machine - |vga_driver_to_frame_buf|debounce_switches:db|debounce:db1|S   ;
+--------------+---------+--------------+--------+-------------+-------+---------+
; Name         ; S.ERROR ; S.MAYBE_ZERO ; S.ZERO ; S.MAYBE_ONE ; S.ONE ; S.START ;
+--------------+---------+--------------+--------+-------------+-------+---------+
; S.START      ; 0       ; 0            ; 0      ; 0           ; 0     ; 0       ;
; S.ONE        ; 0       ; 0            ; 0      ; 0           ; 1     ; 1       ;
; S.MAYBE_ONE  ; 0       ; 0            ; 0      ; 1           ; 0     ; 1       ;
; S.ZERO       ; 0       ; 0            ; 1      ; 0           ; 0     ; 1       ;
; S.MAYBE_ZERO ; 0       ; 1            ; 0      ; 0           ; 0     ; 1       ;
; S.ERROR      ; 1       ; 0            ; 0      ; 0           ; 0     ; 1       ;
+--------------+---------+--------------+--------+-------------+-------+---------+


Encoding Type:  One-Hot
+--------------------------------------------------------------------------------+
; State Machine - |vga_driver_to_frame_buf|debounce_switches:db|debounce:db13|S  ;
+--------------+---------+--------------+--------+-------------+-------+---------+
; Name         ; S.ERROR ; S.MAYBE_ZERO ; S.ZERO ; S.MAYBE_ONE ; S.ONE ; S.START ;
+--------------+---------+--------------+--------+-------------+-------+---------+
; S.START      ; 0       ; 0            ; 0      ; 0           ; 0     ; 0       ;
; S.ONE        ; 0       ; 0            ; 0      ; 0           ; 1     ; 1       ;
; S.MAYBE_ONE  ; 0       ; 0            ; 0      ; 1           ; 0     ; 1       ;
; S.ZERO       ; 0       ; 0            ; 1      ; 0           ; 0     ; 1       ;
; S.MAYBE_ZERO ; 0       ; 1            ; 0      ; 0           ; 0     ; 1       ;
; S.ERROR      ; 1       ; 0            ; 0      ; 0           ; 0     ; 1       ;
+--------------+---------+--------------+--------+-------------+-------+---------+


Encoding Type:  One-Hot
+--------------------------------------------------------------------------------+
; State Machine - |vga_driver_to_frame_buf|debounce_switches:db|debounce:db11|S  ;
+--------------+---------+--------------+--------+-------------+-------+---------+
; Name         ; S.ERROR ; S.MAYBE_ZERO ; S.ZERO ; S.MAYBE_ONE ; S.ONE ; S.START ;
+--------------+---------+--------------+--------+-------------+-------+---------+
; S.START      ; 0       ; 0            ; 0      ; 0           ; 0     ; 0       ;
; S.ONE        ; 0       ; 0            ; 0      ; 0           ; 1     ; 1       ;
; S.MAYBE_ONE  ; 0       ; 0            ; 0      ; 1           ; 0     ; 1       ;
; S.ZERO       ; 0       ; 0            ; 1      ; 0           ; 0     ; 1       ;
; S.MAYBE_ZERO ; 0       ; 1            ; 0      ; 0           ; 0     ; 1       ;
; S.ERROR      ; 1       ; 0            ; 0      ; 0           ; 0     ; 1       ;
+--------------+---------+--------------+--------+-------------+-------+---------+


Encoding Type:  One-Hot
+--------------------------------------------------------------------------------+
; State Machine - |vga_driver_to_frame_buf|debounce_switches:db|debounce:db10|S  ;
+--------------+---------+--------------+--------+-------------+-------+---------+
; Name         ; S.ERROR ; S.MAYBE_ZERO ; S.ZERO ; S.MAYBE_ONE ; S.ONE ; S.START ;
+--------------+---------+--------------+--------+-------------+-------+---------+
; S.START      ; 0       ; 0            ; 0      ; 0           ; 0     ; 0       ;
; S.ONE        ; 0       ; 0            ; 0      ; 0           ; 1     ; 1       ;
; S.MAYBE_ONE  ; 0       ; 0            ; 0      ; 1           ; 0     ; 1       ;
; S.ZERO       ; 0       ; 0            ; 1      ; 0           ; 0     ; 1       ;
; S.MAYBE_ZERO ; 0       ; 1            ; 0      ; 0           ; 0     ; 1       ;
; S.ERROR      ; 1       ; 0            ; 0      ; 0           ; 0     ; 1       ;
+--------------+---------+--------------+--------+-------------+-------+---------+


Encoding Type:  One-Hot
+--------------------------------------------------------------------------------+
; State Machine - |vga_driver_to_frame_buf|debounce_switches:db|debounce:db7|S   ;
+--------------+---------+--------------+--------+-------------+-------+---------+
; Name         ; S.ERROR ; S.MAYBE_ZERO ; S.ZERO ; S.MAYBE_ONE ; S.ONE ; S.START ;
+--------------+---------+--------------+--------+-------------+-------+---------+
; S.START      ; 0       ; 0            ; 0      ; 0           ; 0     ; 0       ;
; S.ONE        ; 0       ; 0            ; 0      ; 0           ; 1     ; 1       ;
; S.MAYBE_ONE  ; 0       ; 0            ; 0      ; 1           ; 0     ; 1       ;
; S.ZERO       ; 0       ; 0            ; 1      ; 0           ; 0     ; 1       ;
; S.MAYBE_ZERO ; 0       ; 1            ; 0      ; 0           ; 0     ; 1       ;
; S.ERROR      ; 1       ; 0            ; 0      ; 0           ; 0     ; 1       ;
+--------------+---------+--------------+--------+-------------+-------+---------+


Encoding Type:  One-Hot
+--------------------------------------------------------------------------------+
; State Machine - |vga_driver_to_frame_buf|debounce_switches:db|debounce:db6|S   ;
+--------------+---------+--------------+--------+-------------+-------+---------+
; Name         ; S.ERROR ; S.MAYBE_ZERO ; S.ZERO ; S.MAYBE_ONE ; S.ONE ; S.START ;
+--------------+---------+--------------+--------+-------------+-------+---------+
; S.START      ; 0       ; 0            ; 0      ; 0           ; 0     ; 0       ;
; S.ONE        ; 0       ; 0            ; 0      ; 0           ; 1     ; 1       ;
; S.MAYBE_ONE  ; 0       ; 0            ; 0      ; 1           ; 0     ; 1       ;
; S.ZERO       ; 0       ; 0            ; 1      ; 0           ; 0     ; 1       ;
; S.MAYBE_ZERO ; 0       ; 1            ; 0      ; 0           ; 0     ; 1       ;
; S.ERROR      ; 1       ; 0            ; 0      ; 0           ; 0     ; 1       ;
+--------------+---------+--------------+--------+-------------+-------+---------+


Encoding Type:  One-Hot
+--------------------------------------------------------------------------------+
; State Machine - |vga_driver_to_frame_buf|debounce_switches:db|debounce:db0|S   ;
+--------------+---------+--------------+--------+-------------+-------+---------+
; Name         ; S.ERROR ; S.MAYBE_ZERO ; S.ZERO ; S.MAYBE_ONE ; S.ONE ; S.START ;
+--------------+---------+--------------+--------+-------------+-------+---------+
; S.START      ; 0       ; 0            ; 0      ; 0           ; 0     ; 0       ;
; S.ONE        ; 0       ; 0            ; 0      ; 0           ; 1     ; 1       ;
; S.MAYBE_ONE  ; 0       ; 0            ; 0      ; 1           ; 0     ; 1       ;
; S.ZERO       ; 0       ; 0            ; 1      ; 0           ; 0     ; 1       ;
; S.MAYBE_ZERO ; 0       ; 1            ; 0      ; 0           ; 0     ; 1       ;
; S.ERROR      ; 1       ; 0            ; 0      ; 0           ; 0     ; 1       ;
+--------------+---------+--------------+--------+-------------+-------+---------+


Encoding Type:  One-Hot
+--------------------------------------------------------------------------------------------------------+
; State Machine - |vga_driver_to_frame_buf|vga_frame_driver:my_frame_driver|S                            ;
+------------------+---------------+-----------------+------------------+------------+---------+---------+
; Name             ; S.RFM_DRAWING ; S.RFM_INIT_WAIT ; S.RFM_INIT_START ; S.W2M_DONE ; S.ERROR ; S.START ;
+------------------+---------------+-----------------+------------------+------------+---------+---------+
; S.START          ; 0             ; 0               ; 0                ; 0          ; 0       ; 0       ;
; S.W2M_DONE       ; 0             ; 0               ; 0                ; 1          ; 0       ; 1       ;
; S.RFM_INIT_START ; 0             ; 0               ; 1                ; 0          ; 0       ; 1       ;
; S.RFM_INIT_WAIT  ; 0             ; 1               ; 0                ; 0          ; 0       ; 1       ;
; S.RFM_DRAWING    ; 1             ; 0               ; 0                ; 0          ; 0       ; 1       ;
; S.ERROR          ; 0             ; 0               ; 0                ; 0          ; 1       ; 1       ;
+------------------+---------------+-----------------+------------------+------------+---------+---------+


Encoding Type:  One-Hot
+-------------------------------------------------------------------------------------------------------------+
; State Machine - |vga_driver_to_frame_buf|vga_frame_driver:my_frame_driver|wr_id                             ;
+----------------------------+----------------------+----------------------------+----------------------------+
; Name                       ; wr_id.MEM_INIT_WRITE ; wr_id.MEM_M0_WRITE_M1_READ ; wr_id.MEM_M0_READ_M1_WRITE ;
+----------------------------+----------------------+----------------------------+----------------------------+
; wr_id.MEM_INIT_WRITE       ; 0                    ; 0                          ; 0                          ;
; wr_id.MEM_M0_READ_M1_WRITE ; 1                    ; 0                          ; 1                          ;
; wr_id.MEM_M0_WRITE_M1_READ ; 1                    ; 1                          ; 0                          ;
+----------------------------+----------------------+----------------------------+----------------------------+


Encoding Type:  One-Hot
+--------------------------------------------------------------------------------+
; State Machine - |vga_driver_to_frame_buf|debounce_switches:db|debounce:db19|S  ;
+--------------+---------+--------------+--------+-------------+-------+---------+
; Name         ; S.ERROR ; S.MAYBE_ZERO ; S.ZERO ; S.MAYBE_ONE ; S.ONE ; S.START ;
+--------------+---------+--------------+--------+-------------+-------+---------+
; S.START      ; 0       ; 0            ; 0      ; 0           ; 0     ; 0       ;
; S.ONE        ; 0       ; 0            ; 0      ; 0           ; 1     ; 1       ;
; S.MAYBE_ONE  ; 0       ; 0            ; 0      ; 1           ; 0     ; 1       ;
; S.ZERO       ; 0       ; 0            ; 1      ; 0           ; 0     ; 1       ;
; S.MAYBE_ZERO ; 0       ; 1            ; 0      ; 0           ; 0     ; 1       ;
; S.ERROR      ; 1       ; 0            ; 0      ; 0           ; 0     ; 1       ;
+--------------+---------+--------------+--------+-------------+-------+---------+


Encoding Type:  One-Hot
+--------------------------------------------------------------------------------+
; State Machine - |vga_driver_to_frame_buf|debounce_switches:db|debounce:db18|S  ;
+--------------+---------+--------------+--------+-------------+-------+---------+
; Name         ; S.ERROR ; S.MAYBE_ZERO ; S.ZERO ; S.MAYBE_ONE ; S.ONE ; S.START ;
+--------------+---------+--------------+--------+-------------+-------+---------+
; S.START      ; 0       ; 0            ; 0      ; 0           ; 0     ; 0       ;
; S.ONE        ; 0       ; 0            ; 0      ; 0           ; 1     ; 1       ;
; S.MAYBE_ONE  ; 0       ; 0            ; 0      ; 1           ; 0     ; 1       ;
; S.ZERO       ; 0       ; 0            ; 1      ; 0           ; 0     ; 1       ;
; S.MAYBE_ZERO ; 0       ; 1            ; 0      ; 0           ; 0     ; 1       ;
; S.ERROR      ; 1       ; 0            ; 0      ; 0           ; 0     ; 1       ;
+--------------+---------+--------------+--------+-------------+-------+---------+


Encoding Type:  One-Hot
+--------------------------------------------------------------------------------+
; State Machine - |vga_driver_to_frame_buf|debounce_switches:db|debounce:db17|S  ;
+--------------+---------+--------------+--------+-------------+-------+---------+
; Name         ; S.ERROR ; S.MAYBE_ZERO ; S.ZERO ; S.MAYBE_ONE ; S.ONE ; S.START ;
+--------------+---------+--------------+--------+-------------+-------+---------+
; S.START      ; 0       ; 0            ; 0      ; 0           ; 0     ; 0       ;
; S.ONE        ; 0       ; 0            ; 0      ; 0           ; 1     ; 1       ;
; S.MAYBE_ONE  ; 0       ; 0            ; 0      ; 1           ; 0     ; 1       ;
; S.ZERO       ; 0       ; 0            ; 1      ; 0           ; 0     ; 1       ;
; S.MAYBE_ZERO ; 0       ; 1            ; 0      ; 0           ; 0     ; 1       ;
; S.ERROR      ; 1       ; 0            ; 0      ; 0           ; 0     ; 1       ;
+--------------+---------+--------------+--------+-------------+-------+---------+


Encoding Type:  One-Hot
+--------------------------------------------------------------------------------+
; State Machine - |vga_driver_to_frame_buf|debounce_switches:db|debounce:db16|S  ;
+--------------+---------+--------------+--------+-------------+-------+---------+
; Name         ; S.ERROR ; S.MAYBE_ZERO ; S.ZERO ; S.MAYBE_ONE ; S.ONE ; S.START ;
+--------------+---------+--------------+--------+-------------+-------+---------+
; S.START      ; 0       ; 0            ; 0      ; 0           ; 0     ; 0       ;
; S.ONE        ; 0       ; 0            ; 0      ; 0           ; 1     ; 1       ;
; S.MAYBE_ONE  ; 0       ; 0            ; 0      ; 1           ; 0     ; 1       ;
; S.ZERO       ; 0       ; 0            ; 1      ; 0           ; 0     ; 1       ;
; S.MAYBE_ZERO ; 0       ; 1            ; 0      ; 0           ; 0     ; 1       ;
; S.ERROR      ; 1       ; 0            ; 0      ; 0           ; 0     ; 1       ;
+--------------+---------+--------------+--------+-------------+-------+---------+


Encoding Type:  One-Hot
+--------------------------------------------------------------------------------+
; State Machine - |vga_driver_to_frame_buf|debounce_switches:db|debounce:db15|S  ;
+--------------+---------+--------------+--------+-------------+-------+---------+
; Name         ; S.ERROR ; S.MAYBE_ZERO ; S.ZERO ; S.MAYBE_ONE ; S.ONE ; S.START ;
+--------------+---------+--------------+--------+-------------+-------+---------+
; S.START      ; 0       ; 0            ; 0      ; 0           ; 0     ; 0       ;
; S.ONE        ; 0       ; 0            ; 0      ; 0           ; 1     ; 1       ;
; S.MAYBE_ONE  ; 0       ; 0            ; 0      ; 1           ; 0     ; 1       ;
; S.ZERO       ; 0       ; 0            ; 1      ; 0           ; 0     ; 1       ;
; S.MAYBE_ZERO ; 0       ; 1            ; 0      ; 0           ; 0     ; 1       ;
; S.ERROR      ; 1       ; 0            ; 0      ; 0           ; 0     ; 1       ;
+--------------+---------+--------------+--------+-------------+-------+---------+


Encoding Type:  One-Hot
+--------------------------------------------------------------------------------+
; State Machine - |vga_driver_to_frame_buf|debounce_switches:db|debounce:db14|S  ;
+--------------+---------+--------------+--------+-------------+-------+---------+
; Name         ; S.ERROR ; S.MAYBE_ZERO ; S.ZERO ; S.MAYBE_ONE ; S.ONE ; S.START ;
+--------------+---------+--------------+--------+-------------+-------+---------+
; S.START      ; 0       ; 0            ; 0      ; 0           ; 0     ; 0       ;
; S.ONE        ; 0       ; 0            ; 0      ; 0           ; 1     ; 1       ;
; S.MAYBE_ONE  ; 0       ; 0            ; 0      ; 1           ; 0     ; 1       ;
; S.ZERO       ; 0       ; 0            ; 1      ; 0           ; 0     ; 1       ;
; S.MAYBE_ZERO ; 0       ; 1            ; 0      ; 0           ; 0     ; 1       ;
; S.ERROR      ; 1       ; 0            ; 0      ; 0           ; 0     ; 1       ;
+--------------+---------+--------------+--------+-------------+-------+---------+


+-----------------------------------------------------------------------------------------------------+
; Registers Removed During Synthesis                                                                  ;
+-------------------------------------------------+---------------------------------------------------+
; Register name                                   ; Reason for Removal                                ;
+-------------------------------------------------+---------------------------------------------------+
; bullet_y[0]                                     ; Stuck at GND due to stuck port data_in            ;
; the_vga_draw_frame_write_mem_data[17,18]        ; Merged with the_vga_draw_frame_write_mem_data[22] ;
; the_vga_draw_frame_write_mem_data[19]           ; Merged with the_vga_draw_frame_write_mem_data[20] ;
; the_vga_draw_frame_write_mem_data[9,13]         ; Merged with the_vga_draw_frame_write_mem_data[15] ;
; the_vga_draw_frame_write_mem_data[8,10,11]      ; Merged with the_vga_draw_frame_write_mem_data[12] ;
; the_vga_draw_frame_write_mem_data[2,4]          ; Merged with the_vga_draw_frame_write_mem_data[6]  ;
; the_vga_draw_frame_write_mem_data[0,1]          ; Merged with the_vga_draw_frame_write_mem_data[3]  ;
; ab_y_0[0]                                       ; Stuck at GND due to stuck port data_in            ;
; ab_y_1[0]                                       ; Stuck at GND due to stuck port data_in            ;
; ab_y_2[0]                                       ; Stuck at GND due to stuck port data_in            ;
; ab_y_3[0]                                       ; Stuck at GND due to stuck port data_in            ;
; ab_y_4[0]                                       ; Stuck at GND due to stuck port data_in            ;
; debounce_switches:db|debounce:db12|S.MAYBE_ONE  ; Lost fanout                                       ;
; debounce_switches:db|debounce:db12|S.START      ; Lost fanout                                       ;
; debounce_switches:db|debounce:db12|S.ZERO       ; Lost fanout                                       ;
; debounce_switches:db|debounce:db13|S.MAYBE_ONE  ; Lost fanout                                       ;
; debounce_switches:db|debounce:db13|S.START      ; Lost fanout                                       ;
; debounce_switches:db|debounce:db13|S.ZERO       ; Lost fanout                                       ;
; debounce_switches:db|debounce:db19|S.MAYBE_ONE  ; Lost fanout                                       ;
; debounce_switches:db|debounce:db18|S.MAYBE_ONE  ; Lost fanout                                       ;
; debounce_switches:db|debounce:db17|S.MAYBE_ONE  ; Lost fanout                                       ;
; debounce_switches:db|debounce:db16|S.MAYBE_ONE  ; Lost fanout                                       ;
; debounce_switches:db|debounce:db15|S.MAYBE_ONE  ; Lost fanout                                       ;
; debounce_switches:db|debounce:db14|S.MAYBE_ONE  ; Lost fanout                                       ;
; debounce_switches:db|debounce:db19|S.START      ; Lost fanout                                       ;
; debounce_switches:db|debounce:db19|S.ZERO       ; Lost fanout                                       ;
; debounce_switches:db|debounce:db18|S.START      ; Lost fanout                                       ;
; debounce_switches:db|debounce:db18|S.ZERO       ; Lost fanout                                       ;
; debounce_switches:db|debounce:db17|S.START      ; Lost fanout                                       ;
; debounce_switches:db|debounce:db17|S.ZERO       ; Lost fanout                                       ;
; debounce_switches:db|debounce:db16|S.START      ; Lost fanout                                       ;
; debounce_switches:db|debounce:db16|S.ZERO       ; Lost fanout                                       ;
; debounce_switches:db|debounce:db15|S.START      ; Lost fanout                                       ;
; debounce_switches:db|debounce:db15|S.ZERO       ; Lost fanout                                       ;
; debounce_switches:db|debounce:db14|S.START      ; Lost fanout                                       ;
; debounce_switches:db|debounce:db14|S.ZERO       ; Lost fanout                                       ;
; debounce_switches:db|debounce:db12|S~4          ; Lost fanout                                       ;
; debounce_switches:db|debounce:db12|S~5          ; Lost fanout                                       ;
; debounce_switches:db|debounce:db12|S~6          ; Lost fanout                                       ;
; debounce_switches:db|debounce:db5|S~4           ; Lost fanout                                       ;
; debounce_switches:db|debounce:db5|S~5           ; Lost fanout                                       ;
; debounce_switches:db|debounce:db5|S~6           ; Lost fanout                                       ;
; debounce_switches:db|debounce:db4|S~4           ; Lost fanout                                       ;
; debounce_switches:db|debounce:db4|S~5           ; Lost fanout                                       ;
; debounce_switches:db|debounce:db4|S~6           ; Lost fanout                                       ;
; debounce_switches:db|debounce:db3|S~4           ; Lost fanout                                       ;
; debounce_switches:db|debounce:db3|S~5           ; Lost fanout                                       ;
; debounce_switches:db|debounce:db3|S~6           ; Lost fanout                                       ;
; debounce_switches:db|debounce:db2|S~4           ; Lost fanout                                       ;
; debounce_switches:db|debounce:db2|S~5           ; Lost fanout                                       ;
; debounce_switches:db|debounce:db2|S~6           ; Lost fanout                                       ;
; debounce_switches:db|debounce:db1|S~4           ; Lost fanout                                       ;
; debounce_switches:db|debounce:db1|S~5           ; Lost fanout                                       ;
; debounce_switches:db|debounce:db1|S~6           ; Lost fanout                                       ;
; debounce_switches:db|debounce:db13|S~4          ; Lost fanout                                       ;
; debounce_switches:db|debounce:db13|S~5          ; Lost fanout                                       ;
; debounce_switches:db|debounce:db13|S~6          ; Lost fanout                                       ;
; debounce_switches:db|debounce:db11|S~4          ; Lost fanout                                       ;
; debounce_switches:db|debounce:db11|S~5          ; Lost fanout                                       ;
; debounce_switches:db|debounce:db11|S~6          ; Lost fanout                                       ;
; debounce_switches:db|debounce:db10|S~4          ; Lost fanout                                       ;
; debounce_switches:db|debounce:db10|S~5          ; Lost fanout                                       ;
; debounce_switches:db|debounce:db10|S~6          ; Lost fanout                                       ;
; debounce_switches:db|debounce:db7|S~4           ; Lost fanout                                       ;
; debounce_switches:db|debounce:db7|S~5           ; Lost fanout                                       ;
; debounce_switches:db|debounce:db7|S~6           ; Lost fanout                                       ;
; debounce_switches:db|debounce:db6|S~4           ; Lost fanout                                       ;
; debounce_switches:db|debounce:db6|S~5           ; Lost fanout                                       ;
; debounce_switches:db|debounce:db6|S~6           ; Lost fanout                                       ;
; debounce_switches:db|debounce:db0|S~4           ; Lost fanout                                       ;
; debounce_switches:db|debounce:db0|S~5           ; Lost fanout                                       ;
; debounce_switches:db|debounce:db0|S~6           ; Lost fanout                                       ;
; vga_frame_driver:my_frame_driver|S~4            ; Lost fanout                                       ;
; vga_frame_driver:my_frame_driver|S~5            ; Lost fanout                                       ;
; vga_frame_driver:my_frame_driver|S~8            ; Lost fanout                                       ;
; vga_frame_driver:my_frame_driver|S~9            ; Lost fanout                                       ;
; vga_frame_driver:my_frame_driver|S~10           ; Lost fanout                                       ;
; vga_frame_driver:my_frame_driver|S~11           ; Lost fanout                                       ;
; debounce_switches:db|debounce:db19|S~4          ; Lost fanout                                       ;
; debounce_switches:db|debounce:db19|S~5          ; Lost fanout                                       ;
; debounce_switches:db|debounce:db19|S~6          ; Lost fanout                                       ;
; debounce_switches:db|debounce:db18|S~4          ; Lost fanout                                       ;
; debounce_switches:db|debounce:db18|S~5          ; Lost fanout                                       ;
; debounce_switches:db|debounce:db18|S~6          ; Lost fanout                                       ;
; debounce_switches:db|debounce:db17|S~4          ; Lost fanout                                       ;
; debounce_switches:db|debounce:db17|S~5          ; Lost fanout                                       ;
; debounce_switches:db|debounce:db17|S~6          ; Lost fanout                                       ;
; debounce_switches:db|debounce:db16|S~4          ; Lost fanout                                       ;
; debounce_switches:db|debounce:db16|S~5          ; Lost fanout                                       ;
; debounce_switches:db|debounce:db16|S~6          ; Lost fanout                                       ;
; debounce_switches:db|debounce:db15|S~4          ; Lost fanout                                       ;
; debounce_switches:db|debounce:db15|S~5          ; Lost fanout                                       ;
; debounce_switches:db|debounce:db15|S~6          ; Lost fanout                                       ;
; debounce_switches:db|debounce:db14|S~4          ; Lost fanout                                       ;
; debounce_switches:db|debounce:db14|S~5          ; Lost fanout                                       ;
; debounce_switches:db|debounce:db14|S~6          ; Lost fanout                                       ;
; debounce_switches:db|debounce:db12|count[0..7]  ; Lost fanout                                       ;
; debounce_switches:db|debounce:db5|count[0..7]   ; Lost fanout                                       ;
; debounce_switches:db|debounce:db4|count[0..7]   ; Lost fanout                                       ;
; debounce_switches:db|debounce:db3|count[0..7]   ; Lost fanout                                       ;
; debounce_switches:db|debounce:db2|count[0..7]   ; Lost fanout                                       ;
; debounce_switches:db|debounce:db1|count[0..7]   ; Lost fanout                                       ;
; debounce_switches:db|debounce:db12|S.ONE        ; Lost fanout                                       ;
; debounce_switches:db|debounce:db12|S.MAYBE_ZERO ; Lost fanout                                       ;
; debounce_switches:db|debounce:db12|S.ERROR      ; Lost fanout                                       ;
; debounce_switches:db|debounce:db5|S.START       ; Lost fanout                                       ;
; debounce_switches:db|debounce:db5|S.ONE         ; Lost fanout                                       ;
; debounce_switches:db|debounce:db5|S.MAYBE_ONE   ; Lost fanout                                       ;
; debounce_switches:db|debounce:db5|S.ZERO        ; Lost fanout                                       ;
; debounce_switches:db|debounce:db5|S.MAYBE_ZERO  ; Lost fanout                                       ;
; debounce_switches:db|debounce:db5|S.ERROR       ; Lost fanout                                       ;
; debounce_switches:db|debounce:db4|S.START       ; Lost fanout                                       ;
; debounce_switches:db|debounce:db4|S.ONE         ; Lost fanout                                       ;
; debounce_switches:db|debounce:db4|S.MAYBE_ONE   ; Lost fanout                                       ;
; debounce_switches:db|debounce:db4|S.ZERO        ; Lost fanout                                       ;
; debounce_switches:db|debounce:db4|S.MAYBE_ZERO  ; Lost fanout                                       ;
; debounce_switches:db|debounce:db4|S.ERROR       ; Lost fanout                                       ;
; debounce_switches:db|debounce:db3|S.START       ; Lost fanout                                       ;
; debounce_switches:db|debounce:db3|S.ONE         ; Lost fanout                                       ;
; debounce_switches:db|debounce:db3|S.MAYBE_ONE   ; Lost fanout                                       ;
; debounce_switches:db|debounce:db3|S.ZERO        ; Lost fanout                                       ;
; debounce_switches:db|debounce:db3|S.MAYBE_ZERO  ; Lost fanout                                       ;
; debounce_switches:db|debounce:db3|S.ERROR       ; Lost fanout                                       ;
; debounce_switches:db|debounce:db2|S.START       ; Lost fanout                                       ;
; debounce_switches:db|debounce:db2|S.ONE         ; Lost fanout                                       ;
; debounce_switches:db|debounce:db2|S.MAYBE_ONE   ; Lost fanout                                       ;
; debounce_switches:db|debounce:db2|S.ZERO        ; Lost fanout                                       ;
; debounce_switches:db|debounce:db2|S.MAYBE_ZERO  ; Lost fanout                                       ;
; debounce_switches:db|debounce:db2|S.ERROR       ; Lost fanout                                       ;
; debounce_switches:db|debounce:db1|S.START       ; Lost fanout                                       ;
; debounce_switches:db|debounce:db1|S.ONE         ; Lost fanout                                       ;
; debounce_switches:db|debounce:db1|S.MAYBE_ONE   ; Lost fanout                                       ;
; debounce_switches:db|debounce:db1|S.ZERO        ; Lost fanout                                       ;
; debounce_switches:db|debounce:db1|S.MAYBE_ZERO  ; Lost fanout                                       ;
; debounce_switches:db|debounce:db1|S.ERROR       ; Lost fanout                                       ;
; debounce_switches:db|debounce:db13|count[0..7]  ; Lost fanout                                       ;
; debounce_switches:db|debounce:db11|count[0..7]  ; Lost fanout                                       ;
; debounce_switches:db|debounce:db10|count[0..7]  ; Lost fanout                                       ;
; debounce_switches:db|debounce:db7|count[0..7]   ; Lost fanout                                       ;
; debounce_switches:db|debounce:db6|count[0..7]   ; Lost fanout                                       ;
; debounce_switches:db|debounce:db0|count[0..7]   ; Lost fanout                                       ;
; debounce_switches:db|debounce:db13|S.ONE        ; Lost fanout                                       ;
; debounce_switches:db|debounce:db13|S.MAYBE_ZERO ; Lost fanout                                       ;
; debounce_switches:db|debounce:db13|S.ERROR      ; Lost fanout                                       ;
; debounce_switches:db|debounce:db11|S.START      ; Lost fanout                                       ;
; debounce_switches:db|debounce:db11|S.ONE        ; Lost fanout                                       ;
; debounce_switches:db|debounce:db11|S.MAYBE_ONE  ; Lost fanout                                       ;
; debounce_switches:db|debounce:db11|S.ZERO       ; Lost fanout                                       ;
; debounce_switches:db|debounce:db11|S.MAYBE_ZERO ; Lost fanout                                       ;
; debounce_switches:db|debounce:db11|S.ERROR      ; Lost fanout                                       ;
; debounce_switches:db|debounce:db10|S.START      ; Lost fanout                                       ;
; debounce_switches:db|debounce:db10|S.ONE        ; Lost fanout                                       ;
; debounce_switches:db|debounce:db10|S.MAYBE_ONE  ; Lost fanout                                       ;
; debounce_switches:db|debounce:db10|S.ZERO       ; Lost fanout                                       ;
; debounce_switches:db|debounce:db10|S.MAYBE_ZERO ; Lost fanout                                       ;
; debounce_switches:db|debounce:db10|S.ERROR      ; Lost fanout                                       ;
; debounce_switches:db|debounce:db7|S.START       ; Lost fanout                                       ;
; debounce_switches:db|debounce:db7|S.ONE         ; Lost fanout                                       ;
; debounce_switches:db|debounce:db7|S.MAYBE_ONE   ; Lost fanout                                       ;
; debounce_switches:db|debounce:db7|S.ZERO        ; Lost fanout                                       ;
; debounce_switches:db|debounce:db7|S.MAYBE_ZERO  ; Lost fanout                                       ;
; debounce_switches:db|debounce:db7|S.ERROR       ; Lost fanout                                       ;
; debounce_switches:db|debounce:db6|S.START       ; Lost fanout                                       ;
; debounce_switches:db|debounce:db6|S.ONE         ; Lost fanout                                       ;
; debounce_switches:db|debounce:db6|S.MAYBE_ONE   ; Lost fanout                                       ;
; debounce_switches:db|debounce:db6|S.ZERO        ; Lost fanout                                       ;
; debounce_switches:db|debounce:db6|S.MAYBE_ZERO  ; Lost fanout                                       ;
; debounce_switches:db|debounce:db6|S.ERROR       ; Lost fanout                                       ;
; debounce_switches:db|debounce:db0|S.START       ; Lost fanout                                       ;
; debounce_switches:db|debounce:db0|S.ONE         ; Lost fanout                                       ;
; debounce_switches:db|debounce:db0|S.MAYBE_ONE   ; Lost fanout                                       ;
; debounce_switches:db|debounce:db0|S.ZERO        ; Lost fanout                                       ;
; debounce_switches:db|debounce:db0|S.MAYBE_ZERO  ; Lost fanout                                       ;
; debounce_switches:db|debounce:db0|S.ERROR       ; Lost fanout                                       ;
; vga_frame_driver:my_frame_driver|S.ERROR        ; Stuck at GND due to stuck port data_in            ;
; debounce_switches:db|debounce:db19|count[0..7]  ; Lost fanout                                       ;
; debounce_switches:db|debounce:db18|count[0..7]  ; Lost fanout                                       ;
; debounce_switches:db|debounce:db17|count[0..7]  ; Lost fanout                                       ;
; debounce_switches:db|debounce:db16|count[0..7]  ; Lost fanout                                       ;
; debounce_switches:db|debounce:db15|count[0..7]  ; Lost fanout                                       ;
; debounce_switches:db|debounce:db14|count[0..7]  ; Lost fanout                                       ;
; debounce_switches:db|debounce:db19|S.ONE        ; Lost fanout                                       ;
; debounce_switches:db|debounce:db19|S.MAYBE_ZERO ; Lost fanout                                       ;
; debounce_switches:db|debounce:db19|S.ERROR      ; Lost fanout                                       ;
; debounce_switches:db|debounce:db18|S.ONE        ; Lost fanout                                       ;
; debounce_switches:db|debounce:db18|S.MAYBE_ZERO ; Lost fanout                                       ;
; debounce_switches:db|debounce:db18|S.ERROR      ; Lost fanout                                       ;
; debounce_switches:db|debounce:db17|S.ONE        ; Lost fanout                                       ;
; debounce_switches:db|debounce:db17|S.MAYBE_ZERO ; Lost fanout                                       ;
; debounce_switches:db|debounce:db17|S.ERROR      ; Lost fanout                                       ;
; debounce_switches:db|debounce:db16|S.ONE        ; Lost fanout                                       ;
; debounce_switches:db|debounce:db16|S.MAYBE_ZERO ; Lost fanout                                       ;
; debounce_switches:db|debounce:db16|S.ERROR      ; Lost fanout                                       ;
; debounce_switches:db|debounce:db15|S.ONE        ; Lost fanout                                       ;
; debounce_switches:db|debounce:db15|S.MAYBE_ZERO ; Lost fanout                                       ;
; debounce_switches:db|debounce:db15|S.ERROR      ; Lost fanout                                       ;
; debounce_switches:db|debounce:db14|S.ONE        ; Lost fanout                                       ;
; debounce_switches:db|debounce:db14|S.MAYBE_ZERO ; Lost fanout                                       ;
; debounce_switches:db|debounce:db14|S.ERROR      ; Lost fanout                                       ;
; Total Number of Removed Registers = 331         ;                                                   ;
+-------------------------------------------------+---------------------------------------------------+


+---------------------------------------------------------------------------------------------------------------------+
; Removed Registers Triggering Further Register Optimizations                                                         ;
+---------------------------------------------+--------------------+--------------------------------------------------+
; Register name                               ; Reason for Removal ; Registers Removed due to This Register           ;
+---------------------------------------------+--------------------+--------------------------------------------------+
; debounce_switches:db|debounce:db0|S~4       ; Lost Fanouts       ; debounce_switches:db|debounce:db0|S.START,       ;
;                                             ;                    ; debounce_switches:db|debounce:db0|S.MAYBE_ONE,   ;
;                                             ;                    ; debounce_switches:db|debounce:db0|S.ZERO,        ;
;                                             ;                    ; debounce_switches:db|debounce:db0|S.MAYBE_ZERO,  ;
;                                             ;                    ; debounce_switches:db|debounce:db0|S.ERROR        ;
; debounce_switches:db|debounce:db5|S~4       ; Lost Fanouts       ; debounce_switches:db|debounce:db5|S.START,       ;
;                                             ;                    ; debounce_switches:db|debounce:db5|S.ZERO,        ;
;                                             ;                    ; debounce_switches:db|debounce:db5|S.MAYBE_ZERO,  ;
;                                             ;                    ; debounce_switches:db|debounce:db5|S.ERROR        ;
; debounce_switches:db|debounce:db6|S~4       ; Lost Fanouts       ; debounce_switches:db|debounce:db6|S.START,       ;
;                                             ;                    ; debounce_switches:db|debounce:db6|S.ZERO,        ;
;                                             ;                    ; debounce_switches:db|debounce:db6|S.MAYBE_ZERO,  ;
;                                             ;                    ; debounce_switches:db|debounce:db6|S.ERROR        ;
; debounce_switches:db|debounce:db4|S~4       ; Lost Fanouts       ; debounce_switches:db|debounce:db4|S.START,       ;
;                                             ;                    ; debounce_switches:db|debounce:db4|S.ZERO,        ;
;                                             ;                    ; debounce_switches:db|debounce:db4|S.MAYBE_ZERO,  ;
;                                             ;                    ; debounce_switches:db|debounce:db4|S.ERROR        ;
; debounce_switches:db|debounce:db3|S~4       ; Lost Fanouts       ; debounce_switches:db|debounce:db3|S.START,       ;
;                                             ;                    ; debounce_switches:db|debounce:db3|S.ZERO,        ;
;                                             ;                    ; debounce_switches:db|debounce:db3|S.MAYBE_ZERO,  ;
;                                             ;                    ; debounce_switches:db|debounce:db3|S.ERROR        ;
; debounce_switches:db|debounce:db2|S~4       ; Lost Fanouts       ; debounce_switches:db|debounce:db2|S.START,       ;
;                                             ;                    ; debounce_switches:db|debounce:db2|S.ZERO,        ;
;                                             ;                    ; debounce_switches:db|debounce:db2|S.MAYBE_ZERO,  ;
;                                             ;                    ; debounce_switches:db|debounce:db2|S.ERROR        ;
; debounce_switches:db|debounce:db1|S~4       ; Lost Fanouts       ; debounce_switches:db|debounce:db1|S.START,       ;
;                                             ;                    ; debounce_switches:db|debounce:db1|S.ZERO,        ;
;                                             ;                    ; debounce_switches:db|debounce:db1|S.MAYBE_ZERO,  ;
;                                             ;                    ; debounce_switches:db|debounce:db1|S.ERROR        ;
; debounce_switches:db|debounce:db11|S~4      ; Lost Fanouts       ; debounce_switches:db|debounce:db11|S.START,      ;
;                                             ;                    ; debounce_switches:db|debounce:db11|S.ZERO,       ;
;                                             ;                    ; debounce_switches:db|debounce:db11|S.MAYBE_ZERO, ;
;                                             ;                    ; debounce_switches:db|debounce:db11|S.ERROR       ;
; debounce_switches:db|debounce:db10|S~4      ; Lost Fanouts       ; debounce_switches:db|debounce:db10|S.START,      ;
;                                             ;                    ; debounce_switches:db|debounce:db10|S.ZERO,       ;
;                                             ;                    ; debounce_switches:db|debounce:db10|S.MAYBE_ZERO, ;
;                                             ;                    ; debounce_switches:db|debounce:db10|S.ERROR       ;
; debounce_switches:db|debounce:db7|S~4       ; Lost Fanouts       ; debounce_switches:db|debounce:db7|S.START,       ;
;                                             ;                    ; debounce_switches:db|debounce:db7|S.ZERO,        ;
;                                             ;                    ; debounce_switches:db|debounce:db7|S.MAYBE_ZERO,  ;
;                                             ;                    ; debounce_switches:db|debounce:db7|S.ERROR        ;
; debounce_switches:db|debounce:db13|S.ZERO   ; Lost Fanouts       ; debounce_switches:db|debounce:db13|S.ONE,        ;
;                                             ;                    ; debounce_switches:db|debounce:db13|S.MAYBE_ZERO, ;
;                                             ;                    ; debounce_switches:db|debounce:db13|S.ERROR       ;
; debounce_switches:db|debounce:db19|S.ZERO   ; Lost Fanouts       ; debounce_switches:db|debounce:db19|S.ONE,        ;
;                                             ;                    ; debounce_switches:db|debounce:db19|S.MAYBE_ZERO, ;
;                                             ;                    ; debounce_switches:db|debounce:db19|S.ERROR       ;
; debounce_switches:db|debounce:db18|S.ZERO   ; Lost Fanouts       ; debounce_switches:db|debounce:db18|S.ONE,        ;
;                                             ;                    ; debounce_switches:db|debounce:db18|S.MAYBE_ZERO, ;
;                                             ;                    ; debounce_switches:db|debounce:db18|S.ERROR       ;
; debounce_switches:db|debounce:db17|S.ZERO   ; Lost Fanouts       ; debounce_switches:db|debounce:db17|S.ONE,        ;
;                                             ;                    ; debounce_switches:db|debounce:db17|S.MAYBE_ZERO, ;
;                                             ;                    ; debounce_switches:db|debounce:db17|S.ERROR       ;
; debounce_switches:db|debounce:db16|S.ZERO   ; Lost Fanouts       ; debounce_switches:db|debounce:db16|S.ONE,        ;
;                                             ;                    ; debounce_switches:db|debounce:db16|S.MAYBE_ZERO, ;
;                                             ;                    ; debounce_switches:db|debounce:db16|S.ERROR       ;
; debounce_switches:db|debounce:db15|S.ZERO   ; Lost Fanouts       ; debounce_switches:db|debounce:db15|S.ONE,        ;
;                                             ;                    ; debounce_switches:db|debounce:db15|S.MAYBE_ZERO, ;
;                                             ;                    ; debounce_switches:db|debounce:db15|S.ERROR       ;
; debounce_switches:db|debounce:db14|S.ZERO   ; Lost Fanouts       ; debounce_switches:db|debounce:db14|S.ONE,        ;
;                                             ;                    ; debounce_switches:db|debounce:db14|S.MAYBE_ZERO, ;
;                                             ;                    ; debounce_switches:db|debounce:db14|S.ERROR       ;
; debounce_switches:db|debounce:db12|S.ZERO   ; Lost Fanouts       ; debounce_switches:db|debounce:db12|S.ONE,        ;
;                                             ;                    ; debounce_switches:db|debounce:db12|S.MAYBE_ZERO, ;
;                                             ;                    ; debounce_switches:db|debounce:db12|S.ERROR       ;
; debounce_switches:db|debounce:db15|S~4      ; Lost Fanouts       ; debounce_switches:db|debounce:db15|count[6],     ;
;                                             ;                    ; debounce_switches:db|debounce:db15|count[5],     ;
;                                             ;                    ; debounce_switches:db|debounce:db15|count[7]      ;
; debounce_switches:db|debounce:db14|S~4      ; Lost Fanouts       ; debounce_switches:db|debounce:db14|count[6],     ;
;                                             ;                    ; debounce_switches:db|debounce:db14|count[5],     ;
;                                             ;                    ; debounce_switches:db|debounce:db14|count[7]      ;
; debounce_switches:db|debounce:db19|S~4      ; Lost Fanouts       ; debounce_switches:db|debounce:db19|count[6],     ;
;                                             ;                    ; debounce_switches:db|debounce:db19|count[5],     ;
;                                             ;                    ; debounce_switches:db|debounce:db19|count[7]      ;
; debounce_switches:db|debounce:db18|S~4      ; Lost Fanouts       ; debounce_switches:db|debounce:db18|count[6],     ;
;                                             ;                    ; debounce_switches:db|debounce:db18|count[5],     ;
;                                             ;                    ; debounce_switches:db|debounce:db18|count[7]      ;
; debounce_switches:db|debounce:db17|S~4      ; Lost Fanouts       ; debounce_switches:db|debounce:db17|count[6],     ;
;                                             ;                    ; debounce_switches:db|debounce:db17|count[5],     ;
;                                             ;                    ; debounce_switches:db|debounce:db17|count[7]      ;
; debounce_switches:db|debounce:db16|S~4      ; Lost Fanouts       ; debounce_switches:db|debounce:db16|count[6],     ;
;                                             ;                    ; debounce_switches:db|debounce:db16|count[5],     ;
;                                             ;                    ; debounce_switches:db|debounce:db16|count[7]      ;
; debounce_switches:db|debounce:db12|S~4      ; Lost Fanouts       ; debounce_switches:db|debounce:db12|count[5],     ;
;                                             ;                    ; debounce_switches:db|debounce:db12|count[7]      ;
; debounce_switches:db|debounce:db13|S~4      ; Lost Fanouts       ; debounce_switches:db|debounce:db13|count[5],     ;
;                                             ;                    ; debounce_switches:db|debounce:db13|count[7]      ;
; debounce_switches:db|debounce:db5|S~6       ; Lost Fanouts       ; debounce_switches:db|debounce:db5|S.ONE          ;
; debounce_switches:db|debounce:db4|S~6       ; Lost Fanouts       ; debounce_switches:db|debounce:db4|S.ONE          ;
; debounce_switches:db|debounce:db3|S~6       ; Lost Fanouts       ; debounce_switches:db|debounce:db3|S.ONE          ;
; debounce_switches:db|debounce:db2|S~6       ; Lost Fanouts       ; debounce_switches:db|debounce:db2|S.ONE          ;
; debounce_switches:db|debounce:db1|S~6       ; Lost Fanouts       ; debounce_switches:db|debounce:db1|S.ONE          ;
; debounce_switches:db|debounce:db11|S~6      ; Lost Fanouts       ; debounce_switches:db|debounce:db11|S.ONE         ;
; debounce_switches:db|debounce:db10|S~6      ; Lost Fanouts       ; debounce_switches:db|debounce:db10|S.ONE         ;
; debounce_switches:db|debounce:db7|S~6       ; Lost Fanouts       ; debounce_switches:db|debounce:db7|S.ONE          ;
; debounce_switches:db|debounce:db6|S~6       ; Lost Fanouts       ; debounce_switches:db|debounce:db6|S.ONE          ;
; debounce_switches:db|debounce:db0|S~6       ; Lost Fanouts       ; debounce_switches:db|debounce:db0|S.ONE          ;
; debounce_switches:db|debounce:db5|count[1]  ; Lost Fanouts       ; debounce_switches:db|debounce:db5|count[0]       ;
; debounce_switches:db|debounce:db5|count[6]  ; Lost Fanouts       ; debounce_switches:db|debounce:db5|count[5]       ;
; debounce_switches:db|debounce:db4|count[1]  ; Lost Fanouts       ; debounce_switches:db|debounce:db4|count[0]       ;
; debounce_switches:db|debounce:db4|count[4]  ; Lost Fanouts       ; debounce_switches:db|debounce:db4|count[3]       ;
; debounce_switches:db|debounce:db4|count[6]  ; Lost Fanouts       ; debounce_switches:db|debounce:db4|count[5]       ;
; debounce_switches:db|debounce:db3|count[1]  ; Lost Fanouts       ; debounce_switches:db|debounce:db3|count[0]       ;
; debounce_switches:db|debounce:db3|count[4]  ; Lost Fanouts       ; debounce_switches:db|debounce:db3|count[3]       ;
; debounce_switches:db|debounce:db2|count[1]  ; Lost Fanouts       ; debounce_switches:db|debounce:db2|count[0]       ;
; debounce_switches:db|debounce:db2|count[4]  ; Lost Fanouts       ; debounce_switches:db|debounce:db2|count[3]       ;
; debounce_switches:db|debounce:db2|count[6]  ; Lost Fanouts       ; debounce_switches:db|debounce:db2|count[5]       ;
; debounce_switches:db|debounce:db1|count[4]  ; Lost Fanouts       ; debounce_switches:db|debounce:db1|count[3]       ;
; debounce_switches:db|debounce:db1|count[6]  ; Lost Fanouts       ; debounce_switches:db|debounce:db1|count[5]       ;
; debounce_switches:db|debounce:db13|count[4] ; Lost Fanouts       ; debounce_switches:db|debounce:db13|count[3]      ;
; debounce_switches:db|debounce:db11|count[1] ; Lost Fanouts       ; debounce_switches:db|debounce:db11|count[0]      ;
; debounce_switches:db|debounce:db11|count[4] ; Lost Fanouts       ; debounce_switches:db|debounce:db11|count[3]      ;
; debounce_switches:db|debounce:db10|count[4] ; Lost Fanouts       ; debounce_switches:db|debounce:db10|count[3]      ;
; debounce_switches:db|debounce:db10|count[6] ; Lost Fanouts       ; debounce_switches:db|debounce:db10|count[5]      ;
; debounce_switches:db|debounce:db7|count[1]  ; Lost Fanouts       ; debounce_switches:db|debounce:db7|count[0]       ;
; debounce_switches:db|debounce:db7|count[4]  ; Lost Fanouts       ; debounce_switches:db|debounce:db7|count[3]       ;
; debounce_switches:db|debounce:db7|count[6]  ; Lost Fanouts       ; debounce_switches:db|debounce:db7|count[5]       ;
; debounce_switches:db|debounce:db6|count[4]  ; Lost Fanouts       ; debounce_switches:db|debounce:db6|count[3]       ;
; debounce_switches:db|debounce:db0|count[1]  ; Lost Fanouts       ; debounce_switches:db|debounce:db0|count[0]       ;
; debounce_switches:db|debounce:db0|count[4]  ; Lost Fanouts       ; debounce_switches:db|debounce:db0|count[3]       ;
; debounce_switches:db|debounce:db0|count[6]  ; Lost Fanouts       ; debounce_switches:db|debounce:db0|count[5]       ;
; debounce_switches:db|debounce:db19|count[1] ; Lost Fanouts       ; debounce_switches:db|debounce:db19|count[0]      ;
; debounce_switches:db|debounce:db19|count[4] ; Lost Fanouts       ; debounce_switches:db|debounce:db19|count[3]      ;
; debounce_switches:db|debounce:db18|count[1] ; Lost Fanouts       ; debounce_switches:db|debounce:db18|count[0]      ;
; debounce_switches:db|debounce:db18|count[4] ; Lost Fanouts       ; debounce_switches:db|debounce:db18|count[3]      ;
; debounce_switches:db|debounce:db17|count[1] ; Lost Fanouts       ; debounce_switches:db|debounce:db17|count[0]      ;
; debounce_switches:db|debounce:db17|count[4] ; Lost Fanouts       ; debounce_switches:db|debounce:db17|count[3]      ;
; debounce_switches:db|debounce:db16|count[1] ; Lost Fanouts       ; debounce_switches:db|debounce:db16|count[0]      ;
; debounce_switches:db|debounce:db16|count[4] ; Lost Fanouts       ; debounce_switches:db|debounce:db16|count[3]      ;
; debounce_switches:db|debounce:db15|count[1] ; Lost Fanouts       ; debounce_switches:db|debounce:db15|count[0]      ;
; debounce_switches:db|debounce:db15|count[4] ; Lost Fanouts       ; debounce_switches:db|debounce:db15|count[3]      ;
; debounce_switches:db|debounce:db14|count[1] ; Lost Fanouts       ; debounce_switches:db|debounce:db14|count[0]      ;
; debounce_switches:db|debounce:db14|count[4] ; Lost Fanouts       ; debounce_switches:db|debounce:db14|count[3]      ;
+---------------------------------------------+--------------------+--------------------------------------------------+


+------------------------------------------------------+
; General Register Statistics                          ;
+----------------------------------------------+-------+
; Statistic                                    ; Value ;
+----------------------------------------------+-------+
; Total registers                              ; 754   ;
; Number of registers using Synchronous Clear  ; 257   ;
; Number of registers using Synchronous Load   ; 9     ;
; Number of registers using Asynchronous Clear ; 733   ;
; Number of registers using Asynchronous Load  ; 0     ;
; Number of registers using Clock Enable       ; 709   ;
; Number of registers using Preset             ; 0     ;
+----------------------------------------------+-------+


+-----------------------------------------------------+
; Inverted Register Statistics                        ;
+-------------------------------------------+---------+
; Inverted Register                         ; Fan out ;
+-------------------------------------------+---------+
; alien_position_x[24][4]                   ; 6       ;
; alien_position_x[24][7]                   ; 17      ;
; alien_position_x[24][6]                   ; 7       ;
; alien_position_x[24][5]                   ; 7       ;
; alien_alive[24]                           ; 5       ;
; alien_position_x[25][5]                   ; 7       ;
; alien_position_x[25][3]                   ; 5       ;
; alien_position_x[25][2]                   ; 6       ;
; alien_position_x[25][8]                   ; 16      ;
; alien_alive[25]                           ; 5       ;
; alien_alive[20]                           ; 5       ;
; alien_position_x[21][4]                   ; 6       ;
; alien_position_x[21][5]                   ; 7       ;
; alien_position_x[21][3]                   ; 5       ;
; alien_position_x[21][2]                   ; 6       ;
; alien_alive[21]                           ; 5       ;
; alien_position_x[22][4]                   ; 6       ;
; alien_position_x[22][6]                   ; 7       ;
; alien_position_x[22][5]                   ; 7       ;
; alien_position_x[22][3]                   ; 5       ;
; alien_alive[22]                           ; 5       ;
; alien_position_x[23][4]                   ; 6       ;
; alien_position_x[23][7]                   ; 17      ;
; alien_position_x[23][5]                   ; 7       ;
; alien_position_x[23][2]                   ; 6       ;
; alien_alive[23]                           ; 5       ;
; alien_position_x[26][6]                   ; 7       ;
; alien_position_x[26][5]                   ; 7       ;
; alien_position_x[26][3]                   ; 5       ;
; alien_position_x[26][8]                   ; 16      ;
; alien_alive[26]                           ; 5       ;
; alien_position_x[27][7]                   ; 17      ;
; alien_position_x[27][5]                   ; 7       ;
; alien_position_x[27][2]                   ; 6       ;
; alien_position_x[27][8]                   ; 16      ;
; alien_alive[27]                           ; 5       ;
; alien_position_x[28][7]                   ; 17      ;
; alien_position_x[28][6]                   ; 7       ;
; alien_position_x[28][5]                   ; 7       ;
; alien_position_x[28][8]                   ; 16      ;
; alien_alive[28]                           ; 5       ;
; alien_position_x[29][4]                   ; 6       ;
; alien_position_x[29][3]                   ; 5       ;
; alien_position_x[29][2]                   ; 6       ;
; alien_position_x[29][9]                   ; 17      ;
; alien_alive[29]                           ; 5       ;
; player_x[8]                               ; 19      ;
; player_x[6]                               ; 17      ;
; alien_position_x[4][4]                    ; 6       ;
; alien_position_x[4][7]                    ; 17      ;
; alien_position_x[4][6]                    ; 7       ;
; alien_position_x[4][5]                    ; 7       ;
; alien_alive[4]                            ; 5       ;
; alien_position_x[5][5]                    ; 7       ;
; alien_position_x[5][3]                    ; 5       ;
; alien_position_x[5][2]                    ; 6       ;
; alien_position_x[5][8]                    ; 16      ;
; alien_alive[5]                            ; 5       ;
; alien_alive[0]                            ; 10      ;
; alien_position_x[1][4]                    ; 6       ;
; alien_position_x[1][5]                    ; 7       ;
; alien_position_x[1][3]                    ; 5       ;
; alien_position_x[1][2]                    ; 6       ;
; alien_alive[1]                            ; 5       ;
; alien_position_x[2][4]                    ; 6       ;
; alien_position_x[2][6]                    ; 7       ;
; alien_position_x[2][5]                    ; 7       ;
; alien_position_x[2][3]                    ; 5       ;
; alien_alive[2]                            ; 5       ;
; alien_position_x[3][4]                    ; 6       ;
; alien_position_x[3][7]                    ; 17      ;
; alien_position_x[3][5]                    ; 7       ;
; alien_position_x[3][2]                    ; 6       ;
; alien_alive[3]                            ; 5       ;
; alien_position_x[6][6]                    ; 7       ;
; alien_position_x[6][5]                    ; 7       ;
; alien_position_x[6][3]                    ; 5       ;
; alien_position_x[6][8]                    ; 16      ;
; alien_alive[6]                            ; 5       ;
; alien_position_x[7][7]                    ; 17      ;
; alien_position_x[7][5]                    ; 7       ;
; alien_position_x[7][2]                    ; 6       ;
; alien_position_x[7][8]                    ; 16      ;
; alien_alive[7]                            ; 5       ;
; alien_position_x[8][7]                    ; 17      ;
; alien_position_x[8][6]                    ; 7       ;
; alien_position_x[8][5]                    ; 7       ;
; alien_position_x[8][8]                    ; 16      ;
; alien_alive[8]                            ; 5       ;
; alien_position_x[9][4]                    ; 6       ;
; alien_position_x[9][3]                    ; 5       ;
; alien_position_x[9][2]                    ; 6       ;
; alien_position_x[9][9]                    ; 17      ;
; alien_alive[9]                            ; 5       ;
; alien_position_x[14][4]                   ; 6       ;
; alien_position_x[14][7]                   ; 17      ;
; alien_position_x[14][6]                   ; 7       ;
; alien_position_x[14][5]                   ; 7       ;
; alien_alive[14]                           ; 5       ;
; alien_position_x[15][5]                   ; 7       ;
; Total number of inverted registers = 149* ;         ;
+-------------------------------------------+---------+
* Table truncated at 100 items. To change the number of inverted registers reported, set the "Number of Inverted Registers Reported" option under Assignments->Settings->Analysis and Synthesis Settings->More Settings


+-------------------------------------------------------------------------------------------------------------------------------------------------------------------------------------------------------------------------------------------------------------------------------------------------------+
; Multiplexer Restructuring Statistics (Restructuring Performed)                                                                                                                                                                                                                                        ;
+--------------------+-----------+---------------+----------------------+------------------------+------------+-----------------------------------------------------------------------------------------------------------------------------------------------------------------------------------------+
; Multiplexer Inputs ; Bus Width ; Baseline Area ; Area if Restructured ; Saving if Restructured ; Registered ; Example Multiplexer Output                                                                                                                                                              ;
+--------------------+-----------+---------------+----------------------+------------------------+------------+-----------------------------------------------------------------------------------------------------------------------------------------------------------------------------------------+
; 19:1               ; 3 bits    ; 36 LEs        ; 36 LEs               ; 0 LEs                  ; Yes        ; |vga_driver_to_frame_buf|the_vga_draw_frame_write_mem_data[15]                                                                                                                          ;
; 19:1               ; 3 bits    ; 36 LEs        ; 36 LEs               ; 0 LEs                  ; Yes        ; |vga_driver_to_frame_buf|the_vga_draw_frame_write_mem_data[20]                                                                                                                          ;
; 31:1               ; 10 bits   ; 200 LEs       ; 200 LEs              ; 0 LEs                  ; Yes        ; |vga_driver_to_frame_buf|ab_x_0[3]                                                                                                                                                      ;
; 31:1               ; 10 bits   ; 200 LEs       ; 200 LEs              ; 0 LEs                  ; Yes        ; |vga_driver_to_frame_buf|ab_x_1[0]                                                                                                                                                      ;
; 31:1               ; 10 bits   ; 200 LEs       ; 200 LEs              ; 0 LEs                  ; Yes        ; |vga_driver_to_frame_buf|ab_x_2[2]                                                                                                                                                      ;
; 31:1               ; 10 bits   ; 200 LEs       ; 200 LEs              ; 0 LEs                  ; Yes        ; |vga_driver_to_frame_buf|ab_x_3[4]                                                                                                                                                      ;
; 31:1               ; 10 bits   ; 200 LEs       ; 200 LEs              ; 0 LEs                  ; Yes        ; |vga_driver_to_frame_buf|ab_x_4[6]                                                                                                                                                      ;
; 32:1               ; 9 bits    ; 189 LEs       ; 180 LEs              ; 9 LEs                  ; Yes        ; |vga_driver_to_frame_buf|ab_y_0[3]                                                                                                                                                      ;
; 32:1               ; 9 bits    ; 189 LEs       ; 180 LEs              ; 9 LEs                  ; Yes        ; |vga_driver_to_frame_buf|ab_y_1[3]                                                                                                                                                      ;
; 32:1               ; 9 bits    ; 189 LEs       ; 180 LEs              ; 9 LEs                  ; Yes        ; |vga_driver_to_frame_buf|ab_y_2[3]                                                                                                                                                      ;
; 32:1               ; 9 bits    ; 189 LEs       ; 180 LEs              ; 9 LEs                  ; Yes        ; |vga_driver_to_frame_buf|ab_y_3[2]                                                                                                                                                      ;
; 32:1               ; 9 bits    ; 189 LEs       ; 180 LEs              ; 9 LEs                  ; Yes        ; |vga_driver_to_frame_buf|ab_y_4[1]                                                                                                                                                      ;
; 33:1               ; 21 bits   ; 462 LEs       ; 0 LEs                ; 462 LEs                ; Yes        ; |vga_driver_to_frame_buf|ab_t_0[3]                                                                                                                                                      ;
; 33:1               ; 21 bits   ; 462 LEs       ; 0 LEs                ; 462 LEs                ; Yes        ; |vga_driver_to_frame_buf|ab_t_1[12]                                                                                                                                                     ;
; 33:1               ; 21 bits   ; 462 LEs       ; 0 LEs                ; 462 LEs                ; Yes        ; |vga_driver_to_frame_buf|ab_t_2[7]                                                                                                                                                      ;
; 33:1               ; 21 bits   ; 462 LEs       ; 0 LEs                ; 462 LEs                ; Yes        ; |vga_driver_to_frame_buf|ab_t_3[11]                                                                                                                                                     ;
; 33:1               ; 21 bits   ; 462 LEs       ; 0 LEs                ; 462 LEs                ; Yes        ; |vga_driver_to_frame_buf|ab_t_4[15]                                                                                                                                                     ;
; 11:1               ; 2 bits    ; 14 LEs        ; 14 LEs               ; 0 LEs                  ; No         ; |vga_driver_to_frame_buf|the_vga_draw_frame_write_mem_data                                                                                                                              ;
; 11:1               ; 3 bits    ; 21 LEs        ; 21 LEs               ; 0 LEs                  ; No         ; |vga_driver_to_frame_buf|the_vga_draw_frame_write_mem_data                                                                                                                              ;
; 3:1                ; 8 bits    ; 16 LEs        ; 0 LEs                ; 16 LEs                 ; Yes        ; |vga_driver_to_frame_buf|debounce_switches:db|debounce:db12|count[5]                                                                                                                    ;
; 4:1                ; 8 bits    ; 16 LEs        ; 0 LEs                ; 16 LEs                 ; Yes        ; |vga_driver_to_frame_buf|debounce_switches:db|debounce:db5|count[3]                                                                                                                     ;
; 4:1                ; 8 bits    ; 16 LEs        ; 0 LEs                ; 16 LEs                 ; Yes        ; |vga_driver_to_frame_buf|debounce_switches:db|debounce:db4|count[4]                                                                                                                     ;
; 4:1                ; 8 bits    ; 16 LEs        ; 0 LEs                ; 16 LEs                 ; Yes        ; |vga_driver_to_frame_buf|debounce_switches:db|debounce:db3|count[5]                                                                                                                     ;
; 4:1                ; 8 bits    ; 16 LEs        ; 0 LEs                ; 16 LEs                 ; Yes        ; |vga_driver_to_frame_buf|debounce_switches:db|debounce:db2|count[6]                                                                                                                     ;
; 4:1                ; 8 bits    ; 16 LEs        ; 0 LEs                ; 16 LEs                 ; Yes        ; |vga_driver_to_frame_buf|debounce_switches:db|debounce:db1|count[0]                                                                                                                     ;
; 3:1                ; 8 bits    ; 16 LEs        ; 0 LEs                ; 16 LEs                 ; Yes        ; |vga_driver_to_frame_buf|debounce_switches:db|debounce:db13|count[0]                                                                                                                    ;
; 4:1                ; 8 bits    ; 16 LEs        ; 0 LEs                ; 16 LEs                 ; Yes        ; |vga_driver_to_frame_buf|debounce_switches:db|debounce:db11|count[7]                                                                                                                    ;
; 4:1                ; 8 bits    ; 16 LEs        ; 0 LEs                ; 16 LEs                 ; Yes        ; |vga_driver_to_frame_buf|debounce_switches:db|debounce:db10|count[0]                                                                                                                    ;
; 4:1                ; 8 bits    ; 16 LEs        ; 0 LEs                ; 16 LEs                 ; Yes        ; |vga_driver_to_frame_buf|debounce_switches:db|debounce:db7|count[1]                                                                                                                     ;
; 4:1                ; 8 bits    ; 16 LEs        ; 0 LEs                ; 16 LEs                 ; Yes        ; |vga_driver_to_frame_buf|debounce_switches:db|debounce:db6|count[5]                                                                                                                     ;
; 4:1                ; 8 bits    ; 16 LEs        ; 0 LEs                ; 16 LEs                 ; Yes        ; |vga_driver_to_frame_buf|debounce_switches:db|debounce:db0|count[1]                                                                                                                     ;
; 3:1                ; 7 bits    ; 14 LEs        ; 7 LEs                ; 7 LEs                  ; Yes        ; |vga_driver_to_frame_buf|player_x[5]                                                                                                                                                    ;
; 3:1                ; 15 bits   ; 30 LEs        ; 0 LEs                ; 30 LEs                 ; Yes        ; |vga_driver_to_frame_buf|vga_frame_driver:my_frame_driver|read_buf_mem_address[3]                                                                                                       ;
; 5:1                ; 9 bits    ; 27 LEs        ; 9 LEs                ; 18 LEs                 ; Yes        ; |vga_driver_to_frame_buf|bullet_y[8]                                                                                                                                                    ;
; 6:1                ; 21 bits   ; 84 LEs        ; 0 LEs                ; 84 LEs                 ; Yes        ; |vga_driver_to_frame_buf|bullet_timer[18]                                                                                                                                               ;
; 3:1                ; 2 bits    ; 4 LEs         ; 2 LEs                ; 2 LEs                  ; Yes        ; |vga_driver_to_frame_buf|player_x[6]                                                                                                                                                    ;
; 4:1                ; 24 bits   ; 48 LEs        ; 48 LEs               ; 0 LEs                  ; No         ; |vga_driver_to_frame_buf|vga_frame_driver:my_frame_driver|vga_frame:the_vga_draw_frame|altsyncram:altsyncram_component|altsyncram_1go1:auto_generated|mux_6hb:mux2|l2_w6_n0_mux_dataout ;
; 9:1                ; 24 bits   ; 144 LEs       ; 144 LEs              ; 0 LEs                  ; No         ; |vga_driver_to_frame_buf|vga_frame_driver:my_frame_driver|VGA_B[0]                                                                                                                      ;
; 3:1                ; 8 bits    ; 16 LEs        ; 0 LEs                ; 16 LEs                 ; Yes        ; |vga_driver_to_frame_buf|debounce_switches:db|debounce:db19|count[7]                                                                                                                    ;
; 3:1                ; 8 bits    ; 16 LEs        ; 0 LEs                ; 16 LEs                 ; Yes        ; |vga_driver_to_frame_buf|debounce_switches:db|debounce:db18|count[7]                                                                                                                    ;
; 3:1                ; 8 bits    ; 16 LEs        ; 0 LEs                ; 16 LEs                 ; Yes        ; |vga_driver_to_frame_buf|debounce_switches:db|debounce:db17|count[7]                                                                                                                    ;
; 3:1                ; 8 bits    ; 16 LEs        ; 0 LEs                ; 16 LEs                 ; Yes        ; |vga_driver_to_frame_buf|debounce_switches:db|debounce:db16|count[7]                                                                                                                    ;
; 3:1                ; 8 bits    ; 16 LEs        ; 0 LEs                ; 16 LEs                 ; Yes        ; |vga_driver_to_frame_buf|debounce_switches:db|debounce:db15|count[7]                                                                                                                    ;
; 3:1                ; 8 bits    ; 16 LEs        ; 0 LEs                ; 16 LEs                 ; Yes        ; |vga_driver_to_frame_buf|debounce_switches:db|debounce:db14|count[7]                                                                                                                    ;
+--------------------+-----------+---------------+----------------------+------------------------+------------+-----------------------------------------------------------------------------------------------------------------------------------------------------------------------------------------+


+----------------------------------------------------------------------------------------------------------------------------------------------+
; Source assignments for vga_frame_driver:my_frame_driver|vga_frame:vga_memory0|altsyncram:altsyncram_component|altsyncram_1go1:auto_generated ;
+---------------------------------+--------------------+------+--------------------------------------------------------------------------------+
; Assignment                      ; Value              ; From ; To                                                                             ;
+---------------------------------+--------------------+------+--------------------------------------------------------------------------------+
; OPTIMIZE_POWER_DURING_SYNTHESIS ; NORMAL_COMPILATION ; -    ; -                                                                              ;
+---------------------------------+--------------------+------+--------------------------------------------------------------------------------+


+----------------------------------------------------------------------------------------------------------------------------------------------+
; Source assignments for vga_frame_driver:my_frame_driver|vga_frame:vga_memory1|altsyncram:altsyncram_component|altsyncram_1go1:auto_generated ;
+---------------------------------+--------------------+------+--------------------------------------------------------------------------------+
; Assignment                      ; Value              ; From ; To                                                                             ;
+---------------------------------+--------------------+------+--------------------------------------------------------------------------------+
; OPTIMIZE_POWER_DURING_SYNTHESIS ; NORMAL_COMPILATION ; -    ; -                                                                              ;
+---------------------------------+--------------------+------+--------------------------------------------------------------------------------+


+-----------------------------------------------------------------------------------------------------------------------------------------------------+
; Source assignments for vga_frame_driver:my_frame_driver|vga_frame:the_vga_draw_frame|altsyncram:altsyncram_component|altsyncram_1go1:auto_generated ;
+---------------------------------+--------------------+------+---------------------------------------------------------------------------------------+
; Assignment                      ; Value              ; From ; To                                                                                    ;
+---------------------------------+--------------------+------+---------------------------------------------------------------------------------------+
; OPTIMIZE_POWER_DURING_SYNTHESIS ; NORMAL_COMPILATION ; -    ; -                                                                                     ;
+---------------------------------+--------------------+------+---------------------------------------------------------------------------------------+


+-----------------------------------------------------------------------------------------+
; Parameter Settings for User Entity Instance: Top-level Entity: |vga_driver_to_frame_buf ;
+-----------------------+--------------------------+--------------------------------------+
; Parameter Name        ; Value                    ; Type                                 ;
+-----------------------+--------------------------+--------------------------------------+
; PLAYER_COLOR          ; 101110001110001011110100 ; Unsigned Binary                      ;
; PLAYER_WIDTH          ; 20                       ; Signed Integer                       ;
; PLAYER_HEIGHT         ; 20                       ; Signed Integer                       ;
; STEP_SIZE             ; 0000001010               ; Unsigned Binary                      ;
; PLAYER_MOVE_THRESHOLD ; 000110000110101000000    ; Unsigned Binary                      ;
; GREEN_ALIEN           ; 011001101111111100000000 ; Unsigned Binary                      ;
; PURPLE_ALIEN          ; 100000000100000010000000 ; Unsigned Binary                      ;
; RED_ALIEN             ; 111111110000000000000000 ; Unsigned Binary                      ;
; ALIEN_W               ; 20                       ; Signed Integer                       ;
; ALIEN_H               ; 20                       ; Signed Integer                       ;
; MOVE_THRESHOLD        ; 001111010000100100000    ; Unsigned Binary                      ;
; BULLET_MOVE_THRESHOLD ; 001001001001111100000    ; Unsigned Binary                      ;
; ALIEN_BULLET_MOVE_TH  ; 001100001101010000000    ; Unsigned Binary                      ;
; VGA_W                 ; 640                      ; Signed Integer                       ;
; VGA_H                 ; 480                      ; Signed Integer                       ;
; INIT                  ; 0000                     ; Unsigned Binary                      ;
; PLAYER_MOVE           ; 0001                     ; Unsigned Binary                      ;
; ALIEN_MOVE            ; 0010                     ; Unsigned Binary                      ;
; PLAYER_SHOOT          ; 0011                     ; Unsigned Binary                      ;
; BULLET_MOVE           ; 0100                     ; Unsigned Binary                      ;
; ALIEN_BULLETS         ; 0101                     ; Unsigned Binary                      ;
; COLLISION             ; 0110                     ; Unsigned Binary                      ;
; WIN_CHECK             ; 0111                     ; Unsigned Binary                      ;
; DRAW                  ; 1000                     ; Unsigned Binary                      ;
; ERROR                 ; 1001                     ; Unsigned Binary                      ;
+-----------------------+--------------------------+--------------------------------------+
Note: In order to hide this table in the UI and the text report file, please set the "Show Parameter Settings in Synthesis Report" option in "Analysis and Synthesis Settings -> More Settings" to "Off".


+--------------------------------------------------------------------------------+
; Parameter Settings for User Entity Instance: debounce_switches:db|debounce:db0 ;
+----------------+----------+----------------------------------------------------+
; Parameter Name ; Value    ; Type                                               ;
+----------------+----------+----------------------------------------------------+
; CALMING_WINDOW ; 01100100 ; Unsigned Binary                                    ;
; START          ; 000      ; Unsigned Binary                                    ;
; ONE            ; 001      ; Unsigned Binary                                    ;
; MAYBE_ONE      ; 010      ; Unsigned Binary                                    ;
; ZERO           ; 011      ; Unsigned Binary                                    ;
; MAYBE_ZERO     ; 100      ; Unsigned Binary                                    ;
; ERROR          ; 111      ; Unsigned Binary                                    ;
+----------------+----------+----------------------------------------------------+
Note: In order to hide this table in the UI and the text report file, please set the "Show Parameter Settings in Synthesis Report" option in "Analysis and Synthesis Settings -> More Settings" to "Off".


+--------------------------------------------------------------------------------+
; Parameter Settings for User Entity Instance: debounce_switches:db|debounce:db1 ;
+----------------+----------+----------------------------------------------------+
; Parameter Name ; Value    ; Type                                               ;
+----------------+----------+----------------------------------------------------+
; CALMING_WINDOW ; 01100100 ; Unsigned Binary                                    ;
; START          ; 000      ; Unsigned Binary                                    ;
; ONE            ; 001      ; Unsigned Binary                                    ;
; MAYBE_ONE      ; 010      ; Unsigned Binary                                    ;
; ZERO           ; 011      ; Unsigned Binary                                    ;
; MAYBE_ZERO     ; 100      ; Unsigned Binary                                    ;
; ERROR          ; 111      ; Unsigned Binary                                    ;
+----------------+----------+----------------------------------------------------+
Note: In order to hide this table in the UI and the text report file, please set the "Show Parameter Settings in Synthesis Report" option in "Analysis and Synthesis Settings -> More Settings" to "Off".


+--------------------------------------------------------------------------------+
; Parameter Settings for User Entity Instance: debounce_switches:db|debounce:db2 ;
+----------------+----------+----------------------------------------------------+
; Parameter Name ; Value    ; Type                                               ;
+----------------+----------+----------------------------------------------------+
; CALMING_WINDOW ; 01100100 ; Unsigned Binary                                    ;
; START          ; 000      ; Unsigned Binary                                    ;
; ONE            ; 001      ; Unsigned Binary                                    ;
; MAYBE_ONE      ; 010      ; Unsigned Binary                                    ;
; ZERO           ; 011      ; Unsigned Binary                                    ;
; MAYBE_ZERO     ; 100      ; Unsigned Binary                                    ;
; ERROR          ; 111      ; Unsigned Binary                                    ;
+----------------+----------+----------------------------------------------------+
Note: In order to hide this table in the UI and the text report file, please set the "Show Parameter Settings in Synthesis Report" option in "Analysis and Synthesis Settings -> More Settings" to "Off".


+--------------------------------------------------------------------------------+
; Parameter Settings for User Entity Instance: debounce_switches:db|debounce:db3 ;
+----------------+----------+----------------------------------------------------+
; Parameter Name ; Value    ; Type                                               ;
+----------------+----------+----------------------------------------------------+
; CALMING_WINDOW ; 01100100 ; Unsigned Binary                                    ;
; START          ; 000      ; Unsigned Binary                                    ;
; ONE            ; 001      ; Unsigned Binary                                    ;
; MAYBE_ONE      ; 010      ; Unsigned Binary                                    ;
; ZERO           ; 011      ; Unsigned Binary                                    ;
; MAYBE_ZERO     ; 100      ; Unsigned Binary                                    ;
; ERROR          ; 111      ; Unsigned Binary                                    ;
+----------------+----------+----------------------------------------------------+
Note: In order to hide this table in the UI and the text report file, please set the "Show Parameter Settings in Synthesis Report" option in "Analysis and Synthesis Settings -> More Settings" to "Off".


+--------------------------------------------------------------------------------+
; Parameter Settings for User Entity Instance: debounce_switches:db|debounce:db4 ;
+----------------+----------+----------------------------------------------------+
; Parameter Name ; Value    ; Type                                               ;
+----------------+----------+----------------------------------------------------+
; CALMING_WINDOW ; 01100100 ; Unsigned Binary                                    ;
; START          ; 000      ; Unsigned Binary                                    ;
; ONE            ; 001      ; Unsigned Binary                                    ;
; MAYBE_ONE      ; 010      ; Unsigned Binary                                    ;
; ZERO           ; 011      ; Unsigned Binary                                    ;
; MAYBE_ZERO     ; 100      ; Unsigned Binary                                    ;
; ERROR          ; 111      ; Unsigned Binary                                    ;
+----------------+----------+----------------------------------------------------+
Note: In order to hide this table in the UI and the text report file, please set the "Show Parameter Settings in Synthesis Report" option in "Analysis and Synthesis Settings -> More Settings" to "Off".


+--------------------------------------------------------------------------------+
; Parameter Settings for User Entity Instance: debounce_switches:db|debounce:db5 ;
+----------------+----------+----------------------------------------------------+
; Parameter Name ; Value    ; Type                                               ;
+----------------+----------+----------------------------------------------------+
; CALMING_WINDOW ; 01100100 ; Unsigned Binary                                    ;
; START          ; 000      ; Unsigned Binary                                    ;
; ONE            ; 001      ; Unsigned Binary                                    ;
; MAYBE_ONE      ; 010      ; Unsigned Binary                                    ;
; ZERO           ; 011      ; Unsigned Binary                                    ;
; MAYBE_ZERO     ; 100      ; Unsigned Binary                                    ;
; ERROR          ; 111      ; Unsigned Binary                                    ;
+----------------+----------+----------------------------------------------------+
Note: In order to hide this table in the UI and the text report file, please set the "Show Parameter Settings in Synthesis Report" option in "Analysis and Synthesis Settings -> More Settings" to "Off".


+--------------------------------------------------------------------------------+
; Parameter Settings for User Entity Instance: debounce_switches:db|debounce:db6 ;
+----------------+----------+----------------------------------------------------+
; Parameter Name ; Value    ; Type                                               ;
+----------------+----------+----------------------------------------------------+
; CALMING_WINDOW ; 01100100 ; Unsigned Binary                                    ;
; START          ; 000      ; Unsigned Binary                                    ;
; ONE            ; 001      ; Unsigned Binary                                    ;
; MAYBE_ONE      ; 010      ; Unsigned Binary                                    ;
; ZERO           ; 011      ; Unsigned Binary                                    ;
; MAYBE_ZERO     ; 100      ; Unsigned Binary                                    ;
; ERROR          ; 111      ; Unsigned Binary                                    ;
+----------------+----------+----------------------------------------------------+
Note: In order to hide this table in the UI and the text report file, please set the "Show Parameter Settings in Synthesis Report" option in "Analysis and Synthesis Settings -> More Settings" to "Off".


+--------------------------------------------------------------------------------+
; Parameter Settings for User Entity Instance: debounce_switches:db|debounce:db7 ;
+----------------+----------+----------------------------------------------------+
; Parameter Name ; Value    ; Type                                               ;
+----------------+----------+----------------------------------------------------+
; CALMING_WINDOW ; 01100100 ; Unsigned Binary                                    ;
; START          ; 000      ; Unsigned Binary                                    ;
; ONE            ; 001      ; Unsigned Binary                                    ;
; MAYBE_ONE      ; 010      ; Unsigned Binary                                    ;
; ZERO           ; 011      ; Unsigned Binary                                    ;
; MAYBE_ZERO     ; 100      ; Unsigned Binary                                    ;
; ERROR          ; 111      ; Unsigned Binary                                    ;
+----------------+----------+----------------------------------------------------+
Note: In order to hide this table in the UI and the text report file, please set the "Show Parameter Settings in Synthesis Report" option in "Analysis and Synthesis Settings -> More Settings" to "Off".


+---------------------------------------------------------------------------------+
; Parameter Settings for User Entity Instance: debounce_switches:db|debounce:db10 ;
+----------------+----------+-----------------------------------------------------+
; Parameter Name ; Value    ; Type                                                ;
+----------------+----------+-----------------------------------------------------+
; CALMING_WINDOW ; 01100100 ; Unsigned Binary                                     ;
; START          ; 000      ; Unsigned Binary                                     ;
; ONE            ; 001      ; Unsigned Binary                                     ;
; MAYBE_ONE      ; 010      ; Unsigned Binary                                     ;
; ZERO           ; 011      ; Unsigned Binary                                     ;
; MAYBE_ZERO     ; 100      ; Unsigned Binary                                     ;
; ERROR          ; 111      ; Unsigned Binary                                     ;
+----------------+----------+-----------------------------------------------------+
Note: In order to hide this table in the UI and the text report file, please set the "Show Parameter Settings in Synthesis Report" option in "Analysis and Synthesis Settings -> More Settings" to "Off".


+---------------------------------------------------------------------------------+
; Parameter Settings for User Entity Instance: debounce_switches:db|debounce:db11 ;
+----------------+----------+-----------------------------------------------------+
; Parameter Name ; Value    ; Type                                                ;
+----------------+----------+-----------------------------------------------------+
; CALMING_WINDOW ; 01100100 ; Unsigned Binary                                     ;
; START          ; 000      ; Unsigned Binary                                     ;
; ONE            ; 001      ; Unsigned Binary                                     ;
; MAYBE_ONE      ; 010      ; Unsigned Binary                                     ;
; ZERO           ; 011      ; Unsigned Binary                                     ;
; MAYBE_ZERO     ; 100      ; Unsigned Binary                                     ;
; ERROR          ; 111      ; Unsigned Binary                                     ;
+----------------+----------+-----------------------------------------------------+
Note: In order to hide this table in the UI and the text report file, please set the "Show Parameter Settings in Synthesis Report" option in "Analysis and Synthesis Settings -> More Settings" to "Off".


+---------------------------------------------------------------------------------+
; Parameter Settings for User Entity Instance: debounce_switches:db|debounce:db12 ;
+----------------+----------+-----------------------------------------------------+
; Parameter Name ; Value    ; Type                                                ;
+----------------+----------+-----------------------------------------------------+
; CALMING_WINDOW ; 01100100 ; Unsigned Binary                                     ;
; START          ; 000      ; Unsigned Binary                                     ;
; ONE            ; 001      ; Unsigned Binary                                     ;
; MAYBE_ONE      ; 010      ; Unsigned Binary                                     ;
; ZERO           ; 011      ; Unsigned Binary                                     ;
; MAYBE_ZERO     ; 100      ; Unsigned Binary                                     ;
; ERROR          ; 111      ; Unsigned Binary                                     ;
+----------------+----------+-----------------------------------------------------+
Note: In order to hide this table in the UI and the text report file, please set the "Show Parameter Settings in Synthesis Report" option in "Analysis and Synthesis Settings -> More Settings" to "Off".


+---------------------------------------------------------------------------------+
; Parameter Settings for User Entity Instance: debounce_switches:db|debounce:db13 ;
+----------------+----------+-----------------------------------------------------+
; Parameter Name ; Value    ; Type                                                ;
+----------------+----------+-----------------------------------------------------+
; CALMING_WINDOW ; 01100100 ; Unsigned Binary                                     ;
; START          ; 000      ; Unsigned Binary                                     ;
; ONE            ; 001      ; Unsigned Binary                                     ;
; MAYBE_ONE      ; 010      ; Unsigned Binary                                     ;
; ZERO           ; 011      ; Unsigned Binary                                     ;
; MAYBE_ZERO     ; 100      ; Unsigned Binary                                     ;
; ERROR          ; 111      ; Unsigned Binary                                     ;
+----------------+----------+-----------------------------------------------------+
Note: In order to hide this table in the UI and the text report file, please set the "Show Parameter Settings in Synthesis Report" option in "Analysis and Synthesis Settings -> More Settings" to "Off".


+---------------------------------------------------------------------------------+
; Parameter Settings for User Entity Instance: debounce_switches:db|debounce:db14 ;
+----------------+----------+-----------------------------------------------------+
; Parameter Name ; Value    ; Type                                                ;
+----------------+----------+-----------------------------------------------------+
; CALMING_WINDOW ; 01100100 ; Unsigned Binary                                     ;
; START          ; 000      ; Unsigned Binary                                     ;
; ONE            ; 001      ; Unsigned Binary                                     ;
; MAYBE_ONE      ; 010      ; Unsigned Binary                                     ;
; ZERO           ; 011      ; Unsigned Binary                                     ;
; MAYBE_ZERO     ; 100      ; Unsigned Binary                                     ;
; ERROR          ; 111      ; Unsigned Binary                                     ;
+----------------+----------+-----------------------------------------------------+
Note: In order to hide this table in the UI and the text report file, please set the "Show Parameter Settings in Synthesis Report" option in "Analysis and Synthesis Settings -> More Settings" to "Off".


+---------------------------------------------------------------------------------+
; Parameter Settings for User Entity Instance: debounce_switches:db|debounce:db15 ;
+----------------+----------+-----------------------------------------------------+
; Parameter Name ; Value    ; Type                                                ;
+----------------+----------+-----------------------------------------------------+
; CALMING_WINDOW ; 01100100 ; Unsigned Binary                                     ;
; START          ; 000      ; Unsigned Binary                                     ;
; ONE            ; 001      ; Unsigned Binary                                     ;
; MAYBE_ONE      ; 010      ; Unsigned Binary                                     ;
; ZERO           ; 011      ; Unsigned Binary                                     ;
; MAYBE_ZERO     ; 100      ; Unsigned Binary                                     ;
; ERROR          ; 111      ; Unsigned Binary                                     ;
+----------------+----------+-----------------------------------------------------+
Note: In order to hide this table in the UI and the text report file, please set the "Show Parameter Settings in Synthesis Report" option in "Analysis and Synthesis Settings -> More Settings" to "Off".


+---------------------------------------------------------------------------------+
; Parameter Settings for User Entity Instance: debounce_switches:db|debounce:db16 ;
+----------------+----------+-----------------------------------------------------+
; Parameter Name ; Value    ; Type                                                ;
+----------------+----------+-----------------------------------------------------+
; CALMING_WINDOW ; 01100100 ; Unsigned Binary                                     ;
; START          ; 000      ; Unsigned Binary                                     ;
; ONE            ; 001      ; Unsigned Binary                                     ;
; MAYBE_ONE      ; 010      ; Unsigned Binary                                     ;
; ZERO           ; 011      ; Unsigned Binary                                     ;
; MAYBE_ZERO     ; 100      ; Unsigned Binary                                     ;
; ERROR          ; 111      ; Unsigned Binary                                     ;
+----------------+----------+-----------------------------------------------------+
Note: In order to hide this table in the UI and the text report file, please set the "Show Parameter Settings in Synthesis Report" option in "Analysis and Synthesis Settings -> More Settings" to "Off".


+---------------------------------------------------------------------------------+
; Parameter Settings for User Entity Instance: debounce_switches:db|debounce:db17 ;
+----------------+----------+-----------------------------------------------------+
; Parameter Name ; Value    ; Type                                                ;
+----------------+----------+-----------------------------------------------------+
; CALMING_WINDOW ; 01100100 ; Unsigned Binary                                     ;
; START          ; 000      ; Unsigned Binary                                     ;
; ONE            ; 001      ; Unsigned Binary                                     ;
; MAYBE_ONE      ; 010      ; Unsigned Binary                                     ;
; ZERO           ; 011      ; Unsigned Binary                                     ;
; MAYBE_ZERO     ; 100      ; Unsigned Binary                                     ;
; ERROR          ; 111      ; Unsigned Binary                                     ;
+----------------+----------+-----------------------------------------------------+
Note: In order to hide this table in the UI and the text report file, please set the "Show Parameter Settings in Synthesis Report" option in "Analysis and Synthesis Settings -> More Settings" to "Off".


+---------------------------------------------------------------------------------+
; Parameter Settings for User Entity Instance: debounce_switches:db|debounce:db18 ;
+----------------+----------+-----------------------------------------------------+
; Parameter Name ; Value    ; Type                                                ;
+----------------+----------+-----------------------------------------------------+
; CALMING_WINDOW ; 01100100 ; Unsigned Binary                                     ;
; START          ; 000      ; Unsigned Binary                                     ;
; ONE            ; 001      ; Unsigned Binary                                     ;
; MAYBE_ONE      ; 010      ; Unsigned Binary                                     ;
; ZERO           ; 011      ; Unsigned Binary                                     ;
; MAYBE_ZERO     ; 100      ; Unsigned Binary                                     ;
; ERROR          ; 111      ; Unsigned Binary                                     ;
+----------------+----------+-----------------------------------------------------+
Note: In order to hide this table in the UI and the text report file, please set the "Show Parameter Settings in Synthesis Report" option in "Analysis and Synthesis Settings -> More Settings" to "Off".


+---------------------------------------------------------------------------------+
; Parameter Settings for User Entity Instance: debounce_switches:db|debounce:db19 ;
+----------------+----------+-----------------------------------------------------+
; Parameter Name ; Value    ; Type                                                ;
+----------------+----------+-----------------------------------------------------+
; CALMING_WINDOW ; 01100100 ; Unsigned Binary                                     ;
; START          ; 000      ; Unsigned Binary                                     ;
; ONE            ; 001      ; Unsigned Binary                                     ;
; MAYBE_ONE      ; 010      ; Unsigned Binary                                     ;
; ZERO           ; 011      ; Unsigned Binary                                     ;
; MAYBE_ZERO     ; 100      ; Unsigned Binary                                     ;
; ERROR          ; 111      ; Unsigned Binary                                     ;
+----------------+----------+-----------------------------------------------------+
Note: In order to hide this table in the UI and the text report file, please set the "Show Parameter Settings in Synthesis Report" option in "Analysis and Synthesis Settings -> More Settings" to "Off".


+-------------------------------------------------------------------------------+
; Parameter Settings for User Entity Instance: vga_frame_driver:my_frame_driver ;
+----------------------+------------------+-------------------------------------+
; Parameter Name       ; Value            ; Type                                ;
+----------------------+------------------+-------------------------------------+
; START                ; 00000000         ; Unsigned Binary                     ;
; W2M_DONE             ; 00000100         ; Unsigned Binary                     ;
; RFM_INIT_START       ; 00000101         ; Unsigned Binary                     ;
; RFM_INIT_WAIT        ; 00000110         ; Unsigned Binary                     ;
; RFM_DRAWING          ; 00000111         ; Unsigned Binary                     ;
; ERROR                ; 11111111         ; Unsigned Binary                     ;
; MEMORY_SIZE          ; 0100101100000000 ; Unsigned Binary                     ;
; PIXEL_VIRTUAL_SIZE   ; 0000000000000100 ; Unsigned Binary                     ;
; VGA_WIDTH            ; 0000001010000000 ; Unsigned Binary                     ;
; VGA_HEIGHT           ; 0000000111100000 ; Unsigned Binary                     ;
; VIRTUAL_PIXEL_WIDTH  ; 0000000010100000 ; Unsigned Binary                     ;
; VIRTUAL_PIXEL_HEIGHT ; 0000000001111000 ; Unsigned Binary                     ;
; MEM_INIT_WRITE       ; 00               ; Unsigned Binary                     ;
; MEM_M0_READ_M1_WRITE ; 01               ; Unsigned Binary                     ;
; MEM_M0_WRITE_M1_READ ; 10               ; Unsigned Binary                     ;
; MEM_ERROR            ; 11               ; Unsigned Binary                     ;
+----------------------+------------------+-------------------------------------+
Note: In order to hide this table in the UI and the text report file, please set the "Show Parameter Settings in Synthesis Report" option in "Analysis and Synthesis Settings -> More Settings" to "Off".


+-------------------------------------------------------------------------------------------------------------------------------------+
; Parameter Settings for User Entity Instance: vga_frame_driver:my_frame_driver|vga_frame:vga_memory0|altsyncram:altsyncram_component ;
+------------------------------------+----------------------+-------------------------------------------------------------------------+
; Parameter Name                     ; Value                ; Type                                                                    ;
+------------------------------------+----------------------+-------------------------------------------------------------------------+
; BYTE_SIZE_BLOCK                    ; 8                    ; Untyped                                                                 ;
; AUTO_CARRY_CHAINS                  ; ON                   ; AUTO_CARRY                                                              ;
; IGNORE_CARRY_BUFFERS               ; OFF                  ; IGNORE_CARRY                                                            ;
; AUTO_CASCADE_CHAINS                ; ON                   ; AUTO_CASCADE                                                            ;
; IGNORE_CASCADE_BUFFERS             ; OFF                  ; IGNORE_CASCADE                                                          ;
; WIDTH_BYTEENA                      ; 1                    ; Untyped                                                                 ;
; OPERATION_MODE                     ; SINGLE_PORT          ; Untyped                                                                 ;
; WIDTH_A                            ; 24                   ; Signed Integer                                                          ;
; WIDTHAD_A                          ; 15                   ; Signed Integer                                                          ;
; NUMWORDS_A                         ; 32768                ; Signed Integer                                                          ;
; OUTDATA_REG_A                      ; UNREGISTERED         ; Untyped                                                                 ;
; ADDRESS_ACLR_A                     ; NONE                 ; Untyped                                                                 ;
; OUTDATA_ACLR_A                     ; NONE                 ; Untyped                                                                 ;
; WRCONTROL_ACLR_A                   ; NONE                 ; Untyped                                                                 ;
; INDATA_ACLR_A                      ; NONE                 ; Untyped                                                                 ;
; BYTEENA_ACLR_A                     ; NONE                 ; Untyped                                                                 ;
; WIDTH_B                            ; 1                    ; Untyped                                                                 ;
; WIDTHAD_B                          ; 1                    ; Untyped                                                                 ;
; NUMWORDS_B                         ; 1                    ; Untyped                                                                 ;
; INDATA_REG_B                       ; CLOCK1               ; Untyped                                                                 ;
; WRCONTROL_WRADDRESS_REG_B          ; CLOCK1               ; Untyped                                                                 ;
; RDCONTROL_REG_B                    ; CLOCK1               ; Untyped                                                                 ;
; ADDRESS_REG_B                      ; CLOCK1               ; Untyped                                                                 ;
; OUTDATA_REG_B                      ; UNREGISTERED         ; Untyped                                                                 ;
; BYTEENA_REG_B                      ; CLOCK1               ; Untyped                                                                 ;
; INDATA_ACLR_B                      ; NONE                 ; Untyped                                                                 ;
; WRCONTROL_ACLR_B                   ; NONE                 ; Untyped                                                                 ;
; ADDRESS_ACLR_B                     ; NONE                 ; Untyped                                                                 ;
; OUTDATA_ACLR_B                     ; NONE                 ; Untyped                                                                 ;
; RDCONTROL_ACLR_B                   ; NONE                 ; Untyped                                                                 ;
; BYTEENA_ACLR_B                     ; NONE                 ; Untyped                                                                 ;
; WIDTH_BYTEENA_A                    ; 1                    ; Signed Integer                                                          ;
; WIDTH_BYTEENA_B                    ; 1                    ; Untyped                                                                 ;
; RAM_BLOCK_TYPE                     ; AUTO                 ; Untyped                                                                 ;
; BYTE_SIZE                          ; 8                    ; Untyped                                                                 ;
; READ_DURING_WRITE_MODE_MIXED_PORTS ; DONT_CARE            ; Untyped                                                                 ;
; READ_DURING_WRITE_MODE_PORT_A      ; NEW_DATA_NO_NBE_READ ; Untyped                                                                 ;
; READ_DURING_WRITE_MODE_PORT_B      ; NEW_DATA_NO_NBE_READ ; Untyped                                                                 ;
; INIT_FILE                          ; image.mif            ; Untyped                                                                 ;
; INIT_FILE_LAYOUT                   ; PORT_A               ; Untyped                                                                 ;
; MAXIMUM_DEPTH                      ; 0                    ; Untyped                                                                 ;
; CLOCK_ENABLE_INPUT_A               ; BYPASS               ; Untyped                                                                 ;
; CLOCK_ENABLE_INPUT_B               ; NORMAL               ; Untyped                                                                 ;
; CLOCK_ENABLE_OUTPUT_A              ; BYPASS               ; Untyped                                                                 ;
; CLOCK_ENABLE_OUTPUT_B              ; NORMAL               ; Untyped                                                                 ;
; CLOCK_ENABLE_CORE_A                ; USE_INPUT_CLKEN      ; Untyped                                                                 ;
; CLOCK_ENABLE_CORE_B                ; USE_INPUT_CLKEN      ; Untyped                                                                 ;
; ENABLE_ECC                         ; FALSE                ; Untyped                                                                 ;
; ECC_PIPELINE_STAGE_ENABLED         ; FALSE                ; Untyped                                                                 ;
; WIDTH_ECCSTATUS                    ; 3                    ; Untyped                                                                 ;
; DEVICE_FAMILY                      ; Cyclone V            ; Untyped                                                                 ;
; CBXI_PARAMETER                     ; altsyncram_1go1      ; Untyped                                                                 ;
+------------------------------------+----------------------+-------------------------------------------------------------------------+
Note: In order to hide this table in the UI and the text report file, please set the "Show Parameter Settings in Synthesis Report" option in "Analysis and Synthesis Settings -> More Settings" to "Off".


+-------------------------------------------------------------------------------------------------------------------------------------+
; Parameter Settings for User Entity Instance: vga_frame_driver:my_frame_driver|vga_frame:vga_memory1|altsyncram:altsyncram_component ;
+------------------------------------+----------------------+-------------------------------------------------------------------------+
; Parameter Name                     ; Value                ; Type                                                                    ;
+------------------------------------+----------------------+-------------------------------------------------------------------------+
; BYTE_SIZE_BLOCK                    ; 8                    ; Untyped                                                                 ;
; AUTO_CARRY_CHAINS                  ; ON                   ; AUTO_CARRY                                                              ;
; IGNORE_CARRY_BUFFERS               ; OFF                  ; IGNORE_CARRY                                                            ;
; AUTO_CASCADE_CHAINS                ; ON                   ; AUTO_CASCADE                                                            ;
; IGNORE_CASCADE_BUFFERS             ; OFF                  ; IGNORE_CASCADE                                                          ;
; WIDTH_BYTEENA                      ; 1                    ; Untyped                                                                 ;
; OPERATION_MODE                     ; SINGLE_PORT          ; Untyped                                                                 ;
; WIDTH_A                            ; 24                   ; Signed Integer                                                          ;
; WIDTHAD_A                          ; 15                   ; Signed Integer                                                          ;
; NUMWORDS_A                         ; 32768                ; Signed Integer                                                          ;
; OUTDATA_REG_A                      ; UNREGISTERED         ; Untyped                                                                 ;
; ADDRESS_ACLR_A                     ; NONE                 ; Untyped                                                                 ;
; OUTDATA_ACLR_A                     ; NONE                 ; Untyped                                                                 ;
; WRCONTROL_ACLR_A                   ; NONE                 ; Untyped                                                                 ;
; INDATA_ACLR_A                      ; NONE                 ; Untyped                                                                 ;
; BYTEENA_ACLR_A                     ; NONE                 ; Untyped                                                                 ;
; WIDTH_B                            ; 1                    ; Untyped                                                                 ;
; WIDTHAD_B                          ; 1                    ; Untyped                                                                 ;
; NUMWORDS_B                         ; 1                    ; Untyped                                                                 ;
; INDATA_REG_B                       ; CLOCK1               ; Untyped                                                                 ;
; WRCONTROL_WRADDRESS_REG_B          ; CLOCK1               ; Untyped                                                                 ;
; RDCONTROL_REG_B                    ; CLOCK1               ; Untyped                                                                 ;
; ADDRESS_REG_B                      ; CLOCK1               ; Untyped                                                                 ;
; OUTDATA_REG_B                      ; UNREGISTERED         ; Untyped                                                                 ;
; BYTEENA_REG_B                      ; CLOCK1               ; Untyped                                                                 ;
; INDATA_ACLR_B                      ; NONE                 ; Untyped                                                                 ;
; WRCONTROL_ACLR_B                   ; NONE                 ; Untyped                                                                 ;
; ADDRESS_ACLR_B                     ; NONE                 ; Untyped                                                                 ;
; OUTDATA_ACLR_B                     ; NONE                 ; Untyped                                                                 ;
; RDCONTROL_ACLR_B                   ; NONE                 ; Untyped                                                                 ;
; BYTEENA_ACLR_B                     ; NONE                 ; Untyped                                                                 ;
; WIDTH_BYTEENA_A                    ; 1                    ; Signed Integer                                                          ;
; WIDTH_BYTEENA_B                    ; 1                    ; Untyped                                                                 ;
; RAM_BLOCK_TYPE                     ; AUTO                 ; Untyped                                                                 ;
; BYTE_SIZE                          ; 8                    ; Untyped                                                                 ;
; READ_DURING_WRITE_MODE_MIXED_PORTS ; DONT_CARE            ; Untyped                                                                 ;
; READ_DURING_WRITE_MODE_PORT_A      ; NEW_DATA_NO_NBE_READ ; Untyped                                                                 ;
; READ_DURING_WRITE_MODE_PORT_B      ; NEW_DATA_NO_NBE_READ ; Untyped                                                                 ;
; INIT_FILE                          ; image.mif            ; Untyped                                                                 ;
; INIT_FILE_LAYOUT                   ; PORT_A               ; Untyped                                                                 ;
; MAXIMUM_DEPTH                      ; 0                    ; Untyped                                                                 ;
; CLOCK_ENABLE_INPUT_A               ; BYPASS               ; Untyped                                                                 ;
; CLOCK_ENABLE_INPUT_B               ; NORMAL               ; Untyped                                                                 ;
; CLOCK_ENABLE_OUTPUT_A              ; BYPASS               ; Untyped                                                                 ;
; CLOCK_ENABLE_OUTPUT_B              ; NORMAL               ; Untyped                                                                 ;
; CLOCK_ENABLE_CORE_A                ; USE_INPUT_CLKEN      ; Untyped                                                                 ;
; CLOCK_ENABLE_CORE_B                ; USE_INPUT_CLKEN      ; Untyped                                                                 ;
; ENABLE_ECC                         ; FALSE                ; Untyped                                                                 ;
; ECC_PIPELINE_STAGE_ENABLED         ; FALSE                ; Untyped                                                                 ;
; WIDTH_ECCSTATUS                    ; 3                    ; Untyped                                                                 ;
; DEVICE_FAMILY                      ; Cyclone V            ; Untyped                                                                 ;
; CBXI_PARAMETER                     ; altsyncram_1go1      ; Untyped                                                                 ;
+------------------------------------+----------------------+-------------------------------------------------------------------------+
Note: In order to hide this table in the UI and the text report file, please set the "Show Parameter Settings in Synthesis Report" option in "Analysis and Synthesis Settings -> More Settings" to "Off".


+--------------------------------------------------------------------------------------------------------------------------------------------+
; Parameter Settings for User Entity Instance: vga_frame_driver:my_frame_driver|vga_frame:the_vga_draw_frame|altsyncram:altsyncram_component ;
+------------------------------------+----------------------+--------------------------------------------------------------------------------+
; Parameter Name                     ; Value                ; Type                                                                           ;
+------------------------------------+----------------------+--------------------------------------------------------------------------------+
; BYTE_SIZE_BLOCK                    ; 8                    ; Untyped                                                                        ;
; AUTO_CARRY_CHAINS                  ; ON                   ; AUTO_CARRY                                                                     ;
; IGNORE_CARRY_BUFFERS               ; OFF                  ; IGNORE_CARRY                                                                   ;
; AUTO_CASCADE_CHAINS                ; ON                   ; AUTO_CASCADE                                                                   ;
; IGNORE_CASCADE_BUFFERS             ; OFF                  ; IGNORE_CASCADE                                                                 ;
; WIDTH_BYTEENA                      ; 1                    ; Untyped                                                                        ;
; OPERATION_MODE                     ; SINGLE_PORT          ; Untyped                                                                        ;
; WIDTH_A                            ; 24                   ; Signed Integer                                                                 ;
; WIDTHAD_A                          ; 15                   ; Signed Integer                                                                 ;
; NUMWORDS_A                         ; 32768                ; Signed Integer                                                                 ;
; OUTDATA_REG_A                      ; UNREGISTERED         ; Untyped                                                                        ;
; ADDRESS_ACLR_A                     ; NONE                 ; Untyped                                                                        ;
; OUTDATA_ACLR_A                     ; NONE                 ; Untyped                                                                        ;
; WRCONTROL_ACLR_A                   ; NONE                 ; Untyped                                                                        ;
; INDATA_ACLR_A                      ; NONE                 ; Untyped                                                                        ;
; BYTEENA_ACLR_A                     ; NONE                 ; Untyped                                                                        ;
; WIDTH_B                            ; 1                    ; Untyped                                                                        ;
; WIDTHAD_B                          ; 1                    ; Untyped                                                                        ;
; NUMWORDS_B                         ; 1                    ; Untyped                                                                        ;
; INDATA_REG_B                       ; CLOCK1               ; Untyped                                                                        ;
; WRCONTROL_WRADDRESS_REG_B          ; CLOCK1               ; Untyped                                                                        ;
; RDCONTROL_REG_B                    ; CLOCK1               ; Untyped                                                                        ;
; ADDRESS_REG_B                      ; CLOCK1               ; Untyped                                                                        ;
; OUTDATA_REG_B                      ; UNREGISTERED         ; Untyped                                                                        ;
; BYTEENA_REG_B                      ; CLOCK1               ; Untyped                                                                        ;
; INDATA_ACLR_B                      ; NONE                 ; Untyped                                                                        ;
; WRCONTROL_ACLR_B                   ; NONE                 ; Untyped                                                                        ;
; ADDRESS_ACLR_B                     ; NONE                 ; Untyped                                                                        ;
; OUTDATA_ACLR_B                     ; NONE                 ; Untyped                                                                        ;
; RDCONTROL_ACLR_B                   ; NONE                 ; Untyped                                                                        ;
; BYTEENA_ACLR_B                     ; NONE                 ; Untyped                                                                        ;
; WIDTH_BYTEENA_A                    ; 1                    ; Signed Integer                                                                 ;
; WIDTH_BYTEENA_B                    ; 1                    ; Untyped                                                                        ;
; RAM_BLOCK_TYPE                     ; AUTO                 ; Untyped                                                                        ;
; BYTE_SIZE                          ; 8                    ; Untyped                                                                        ;
; READ_DURING_WRITE_MODE_MIXED_PORTS ; DONT_CARE            ; Untyped                                                                        ;
; READ_DURING_WRITE_MODE_PORT_A      ; NEW_DATA_NO_NBE_READ ; Untyped                                                                        ;
; READ_DURING_WRITE_MODE_PORT_B      ; NEW_DATA_NO_NBE_READ ; Untyped                                                                        ;
; INIT_FILE                          ; image.mif            ; Untyped                                                                        ;
; INIT_FILE_LAYOUT                   ; PORT_A               ; Untyped                                                                        ;
; MAXIMUM_DEPTH                      ; 0                    ; Untyped                                                                        ;
; CLOCK_ENABLE_INPUT_A               ; BYPASS               ; Untyped                                                                        ;
; CLOCK_ENABLE_INPUT_B               ; NORMAL               ; Untyped                                                                        ;
; CLOCK_ENABLE_OUTPUT_A              ; BYPASS               ; Untyped                                                                        ;
; CLOCK_ENABLE_OUTPUT_B              ; NORMAL               ; Untyped                                                                        ;
; CLOCK_ENABLE_CORE_A                ; USE_INPUT_CLKEN      ; Untyped                                                                        ;
; CLOCK_ENABLE_CORE_B                ; USE_INPUT_CLKEN      ; Untyped                                                                        ;
; ENABLE_ECC                         ; FALSE                ; Untyped                                                                        ;
; ECC_PIPELINE_STAGE_ENABLED         ; FALSE                ; Untyped                                                                        ;
; WIDTH_ECCSTATUS                    ; 3                    ; Untyped                                                                        ;
; DEVICE_FAMILY                      ; Cyclone V            ; Untyped                                                                        ;
; CBXI_PARAMETER                     ; altsyncram_1go1      ; Untyped                                                                        ;
+------------------------------------+----------------------+--------------------------------------------------------------------------------+
Note: In order to hide this table in the UI and the text report file, please set the "Show Parameter Settings in Synthesis Report" option in "Analysis and Synthesis Settings -> More Settings" to "Off".


+--------------------------------------------------------------------------------------------------+
; Parameter Settings for User Entity Instance: vga_frame_driver:my_frame_driver|vga_driver:the_vga ;
+----------------+----------------------------------+----------------------------------------------+
; Parameter Name ; Value                            ; Type                                         ;
+----------------+----------------------------------+----------------------------------------------+
; HA_END         ; 1001111111                       ; Unsigned Binary                              ;
; HS_STA         ; 00000000000000000000001010001111 ; Unsigned Binary                              ;
; HS_END         ; 00000000000000000000001011101111 ; Unsigned Binary                              ;
; WIDTH          ; 1100011111                       ; Unsigned Binary                              ;
; VA_END         ; 0111011111                       ; Unsigned Binary                              ;
; VS_STA         ; 00000000000000000000000111101001 ; Unsigned Binary                              ;
; VS_END         ; 00000000000000000000000111101011 ; Unsigned Binary                              ;
; HEIGHT         ; 1000001100                       ; Unsigned Binary                              ;
+----------------+----------------------------------+----------------------------------------------+
Note: In order to hide this table in the UI and the text report file, please set the "Show Parameter Settings in Synthesis Report" option in "Analysis and Synthesis Settings -> More Settings" to "Off".


+-------------------------------------------------------------------------------------------------------------------------------------------+
; altsyncram Parameter Settings by Entity Instance                                                                                          ;
+-------------------------------------------+-----------------------------------------------------------------------------------------------+
; Name                                      ; Value                                                                                         ;
+-------------------------------------------+-----------------------------------------------------------------------------------------------+
; Number of entity instances                ; 3                                                                                             ;
; Entity Instance                           ; vga_frame_driver:my_frame_driver|vga_frame:vga_memory0|altsyncram:altsyncram_component        ;
;     -- OPERATION_MODE                     ; SINGLE_PORT                                                                                   ;
;     -- WIDTH_A                            ; 24                                                                                            ;
;     -- NUMWORDS_A                         ; 32768                                                                                         ;
;     -- OUTDATA_REG_A                      ; UNREGISTERED                                                                                  ;
;     -- WIDTH_B                            ; 1                                                                                             ;
;     -- NUMWORDS_B                         ; 1                                                                                             ;
;     -- ADDRESS_REG_B                      ; CLOCK1                                                                                        ;
;     -- OUTDATA_REG_B                      ; UNREGISTERED                                                                                  ;
;     -- RAM_BLOCK_TYPE                     ; AUTO                                                                                          ;
;     -- READ_DURING_WRITE_MODE_MIXED_PORTS ; DONT_CARE                                                                                     ;
; Entity Instance                           ; vga_frame_driver:my_frame_driver|vga_frame:vga_memory1|altsyncram:altsyncram_component        ;
;     -- OPERATION_MODE                     ; SINGLE_PORT                                                                                   ;
;     -- WIDTH_A                            ; 24                                                                                            ;
;     -- NUMWORDS_A                         ; 32768                                                                                         ;
;     -- OUTDATA_REG_A                      ; UNREGISTERED                                                                                  ;
;     -- WIDTH_B                            ; 1                                                                                             ;
;     -- NUMWORDS_B                         ; 1                                                                                             ;
;     -- ADDRESS_REG_B                      ; CLOCK1                                                                                        ;
;     -- OUTDATA_REG_B                      ; UNREGISTERED                                                                                  ;
;     -- RAM_BLOCK_TYPE                     ; AUTO                                                                                          ;
;     -- READ_DURING_WRITE_MODE_MIXED_PORTS ; DONT_CARE                                                                                     ;
; Entity Instance                           ; vga_frame_driver:my_frame_driver|vga_frame:the_vga_draw_frame|altsyncram:altsyncram_component ;
;     -- OPERATION_MODE                     ; SINGLE_PORT                                                                                   ;
;     -- WIDTH_A                            ; 24                                                                                            ;
;     -- NUMWORDS_A                         ; 32768                                                                                         ;
;     -- OUTDATA_REG_A                      ; UNREGISTERED                                                                                  ;
;     -- WIDTH_B                            ; 1                                                                                             ;
;     -- NUMWORDS_B                         ; 1                                                                                             ;
;     -- ADDRESS_REG_B                      ; CLOCK1                                                                                        ;
;     -- OUTDATA_REG_B                      ; UNREGISTERED                                                                                  ;
;     -- RAM_BLOCK_TYPE                     ; AUTO                                                                                          ;
;     -- READ_DURING_WRITE_MODE_MIXED_PORTS ; DONT_CARE                                                                                     ;
+-------------------------------------------+-----------------------------------------------------------------------------------------------+


+-----------------------------------------------------------------------------------------------------------------------------------------------------------------------------------------------------------------+
; Port Connectivity Checks: "vga_frame_driver:my_frame_driver|vga_frame:the_vga_draw_frame"                                                                                                                       ;
+---------+-------+----------+------------------------------------------------------------------------------------------------------------------------------------------------------------------------------------+
; Port    ; Type  ; Severity ; Details                                                                                                                                                                            ;
+---------+-------+----------+------------------------------------------------------------------------------------------------------------------------------------------------------------------------------------+
; address ; Input ; Warning  ; Input port expression (16 bits) is wider than the input port (15 bits) it drives.  The 1 most-significant bit(s) in the expression will be dangling if they have no other fanouts. ;
+---------+-------+----------+------------------------------------------------------------------------------------------------------------------------------------------------------------------------------------+


+-----------------------------------------------------------------------------------------------------------------------------------------------------------------------------------------------------------------+
; Port Connectivity Checks: "vga_frame_driver:my_frame_driver|vga_frame:vga_memory1"                                                                                                                              ;
+---------+-------+----------+------------------------------------------------------------------------------------------------------------------------------------------------------------------------------------+
; Port    ; Type  ; Severity ; Details                                                                                                                                                                            ;
+---------+-------+----------+------------------------------------------------------------------------------------------------------------------------------------------------------------------------------------+
; address ; Input ; Warning  ; Input port expression (16 bits) is wider than the input port (15 bits) it drives.  The 1 most-significant bit(s) in the expression will be dangling if they have no other fanouts. ;
+---------+-------+----------+------------------------------------------------------------------------------------------------------------------------------------------------------------------------------------+


+-----------------------------------------------------------------------------------------------------------------------------------------------------------------------------------------------------------------+
; Port Connectivity Checks: "vga_frame_driver:my_frame_driver|vga_frame:vga_memory0"                                                                                                                              ;
+---------+-------+----------+------------------------------------------------------------------------------------------------------------------------------------------------------------------------------------+
; Port    ; Type  ; Severity ; Details                                                                                                                                                                            ;
+---------+-------+----------+------------------------------------------------------------------------------------------------------------------------------------------------------------------------------------+
; address ; Input ; Warning  ; Input port expression (16 bits) is wider than the input port (15 bits) it drives.  The 1 most-significant bit(s) in the expression will be dangling if they have no other fanouts. ;
+---------+-------+----------+------------------------------------------------------------------------------------------------------------------------------------------------------------------------------------+


+------------------------------------------------------------------------------------------------------------------------------------------------+
; Port Connectivity Checks: "vga_frame_driver:my_frame_driver"                                                                                   ;
+--------------------------------------+--------+----------+-------------------------------------------------------------------------------------+
; Port                                 ; Type   ; Severity ; Details                                                                             ;
+--------------------------------------+--------+----------+-------------------------------------------------------------------------------------+
; frame_done                           ; Output ; Info     ; Connected to dangling logic. Logic that only feeds a dangling port will be removed. ;
; the_vga_draw_frame_write_mem_address ; Input  ; Info     ; Stuck at GND                                                                        ;
+--------------------------------------+--------+----------+-------------------------------------------------------------------------------------+


+----------------------------------------------------------------------------------------------------------------------------------------------------------------------------+
; Port Connectivity Checks: "debounce_switches:db"                                                                                                                           ;
+-------+--------+----------+------------------------------------------------------------------------------------------------------------------------------------------------+
; Port  ; Type   ; Severity ; Details                                                                                                                                        ;
+-------+--------+----------+------------------------------------------------------------------------------------------------------------------------------------------------+
; SW    ; Input  ; Warning  ; Input port expression (10 bits) is smaller than the input port (18 bits) it drives.  Extra input bit(s) "SW[17..10]" will be connected to GND. ;
; SW_db ; Output ; Warning  ; Output or bidir port (18 bits) is wider than the port expression (10 bits) it drives; bit(s) "SW_db[17..10]" have no fanouts                   ;
; SW_db ; Output ; Info     ; Connected to dangling logic. Logic that only feeds a dangling port will be removed.                                                            ;
+-------+--------+----------+------------------------------------------------------------------------------------------------------------------------------------------------+


+-----------------------------------------------------+
; Post-Synthesis Netlist Statistics for Top Partition ;
+-----------------------+-----------------------------+
; Type                  ; Count                       ;
+-----------------------+-----------------------------+
; arriav_ff             ; 754                         ;
;     CLR               ; 39                          ;
;     ENA               ; 15                          ;
;     ENA CLR           ; 428                         ;
;     ENA CLR SCLR      ; 257                         ;
;     ENA CLR SLD       ; 9                           ;
;     plain             ; 6                           ;
; arriav_lcell_comb     ; 4143                        ;
;     arith             ; 1206                        ;
;         0 data inputs ; 43                          ;
;         1 data inputs ; 1122                        ;
;         2 data inputs ; 33                          ;
;         4 data inputs ; 2                           ;
;         5 data inputs ; 6                           ;
;     extend            ; 3                           ;
;         7 data inputs ; 3                           ;
;     normal            ; 2910                        ;
;         0 data inputs ; 2                           ;
;         1 data inputs ; 12                          ;
;         2 data inputs ; 324                         ;
;         3 data inputs ; 193                         ;
;         4 data inputs ; 700                         ;
;         5 data inputs ; 568                         ;
;         6 data inputs ; 1111                        ;
;     shared            ; 24                          ;
;         1 data inputs ; 8                           ;
;         2 data inputs ; 6                           ;
;         3 data inputs ; 8                           ;
;         4 data inputs ; 2                           ;
; boundary_port         ; 82                          ;
; stratixv_ram_block    ; 288                         ;
;                       ;                             ;
; Max LUT depth         ; 9.00                        ;
; Average LUT depth     ; 5.23                        ;
+-----------------------+-----------------------------+


+-------------------------------+
; Elapsed Time Per Partition    ;
+----------------+--------------+
; Partition Name ; Elapsed Time ;
+----------------+--------------+
; Top            ; 00:00:09     ;
+----------------+--------------+


+-------------------------------+
; Analysis & Synthesis Messages ;
+-------------------------------+
Info: *******************************************************************
Info: Running Quartus Prime Analysis & Synthesis
    Info: Version 23.1std.1 Build 993 05/14/2024 SC Lite Edition
    Info: Processing started: Sat Dec  6 12:58:23 2025
Info: Command: quartus_map --read_settings_files=on --write_settings_files=off vga_driver_to_frame_buf -c vga_driver_to_frame_buf
Info (20030): Parallel compilation is enabled and will use 16 of the 20 processors detected
Info (12021): Found 1 design units, including 1 entities, in source file vga_frame_driver.v
    Info (12023): Found entity 1: vga_frame_driver File: M:/ECE287/FINAL PROJECT/Space Invaders/Project/vga_frame_driver.v Line: 1
Info (12021): Found 1 design units, including 1 entities, in source file vga_frame.v
    Info (12023): Found entity 1: vga_frame File: M:/ECE287/FINAL PROJECT/Space Invaders/Project/vga_frame.v Line: 40
Info (12021): Found 2 design units, including 2 entities, in source file debounce.v
    Info (12023): Found entity 1: debounce_switches File: M:/ECE287/FINAL PROJECT/Space Invaders/Project/debounce.v Line: 1
    Info (12023): Found entity 2: debounce File: M:/ECE287/FINAL PROJECT/Space Invaders/Project/debounce.v Line: 29
Info (12021): Found 1 design units, including 1 entities, in source file vga_driver_to_frame_buf.v
    Info (12023): Found entity 1: vga_driver_to_frame_buf File: M:/ECE287/FINAL PROJECT/Space Invaders/Project/vga_driver_to_frame_buf.v Line: 1
Info (12021): Found 1 design units, including 1 entities, in source file vga_driver.v
    Info (12023): Found entity 1: vga_driver File: M:/ECE287/FINAL PROJECT/Space Invaders/Project/vga_driver.v Line: 11
Warning (12019): Can't analyze file -- file key_press_detector.v is missing
Info (12127): Elaborating entity "vga_driver_to_frame_buf" for the top level hierarchy
Warning (10230): Verilog HDL assignment warning at vga_driver_to_frame_buf.v(174): truncated value with size 32 to match size of target (10) File: M:/ECE287/FINAL PROJECT/Space Invaders/Project/vga_driver_to_frame_buf.v Line: 174
Warning (10230): Verilog HDL assignment warning at vga_driver_to_frame_buf.v(212): truncated value with size 32 to match size of target (10) File: M:/ECE287/FINAL PROJECT/Space Invaders/Project/vga_driver_to_frame_buf.v Line: 212
Warning (10230): Verilog HDL assignment warning at vga_driver_to_frame_buf.v(224): truncated value with size 32 to match size of target (10) File: M:/ECE287/FINAL PROJECT/Space Invaders/Project/vga_driver_to_frame_buf.v Line: 224
Warning (10230): Verilog HDL assignment warning at vga_driver_to_frame_buf.v(225): truncated value with size 32 to match size of target (10) File: M:/ECE287/FINAL PROJECT/Space Invaders/Project/vga_driver_to_frame_buf.v Line: 225
Warning (10230): Verilog HDL assignment warning at vga_driver_to_frame_buf.v(261): truncated value with size 32 to match size of target (21) File: M:/ECE287/FINAL PROJECT/Space Invaders/Project/vga_driver_to_frame_buf.v Line: 261
Warning (10230): Verilog HDL assignment warning at vga_driver_to_frame_buf.v(262): truncated value with size 32 to match size of target (21) File: M:/ECE287/FINAL PROJECT/Space Invaders/Project/vga_driver_to_frame_buf.v Line: 262
Warning (10230): Verilog HDL assignment warning at vga_driver_to_frame_buf.v(263): truncated value with size 32 to match size of target (21) File: M:/ECE287/FINAL PROJECT/Space Invaders/Project/vga_driver_to_frame_buf.v Line: 263
Warning (10230): Verilog HDL assignment warning at vga_driver_to_frame_buf.v(264): truncated value with size 32 to match size of target (21) File: M:/ECE287/FINAL PROJECT/Space Invaders/Project/vga_driver_to_frame_buf.v Line: 264
Warning (10230): Verilog HDL assignment warning at vga_driver_to_frame_buf.v(265): truncated value with size 32 to match size of target (21) File: M:/ECE287/FINAL PROJECT/Space Invaders/Project/vga_driver_to_frame_buf.v Line: 265
Warning (10230): Verilog HDL assignment warning at vga_driver_to_frame_buf.v(311): truncated value with size 32 to match size of target (10) File: M:/ECE287/FINAL PROJECT/Space Invaders/Project/vga_driver_to_frame_buf.v Line: 311
Warning (10230): Verilog HDL assignment warning at vga_driver_to_frame_buf.v(312): truncated value with size 32 to match size of target (10) File: M:/ECE287/FINAL PROJECT/Space Invaders/Project/vga_driver_to_frame_buf.v Line: 312
Warning (10230): Verilog HDL assignment warning at vga_driver_to_frame_buf.v(313): truncated value with size 32 to match size of target (10) File: M:/ECE287/FINAL PROJECT/Space Invaders/Project/vga_driver_to_frame_buf.v Line: 313
Warning (10230): Verilog HDL assignment warning at vga_driver_to_frame_buf.v(314): truncated value with size 32 to match size of target (10) File: M:/ECE287/FINAL PROJECT/Space Invaders/Project/vga_driver_to_frame_buf.v Line: 314
Warning (10230): Verilog HDL assignment warning at vga_driver_to_frame_buf.v(315): truncated value with size 32 to match size of target (10) File: M:/ECE287/FINAL PROJECT/Space Invaders/Project/vga_driver_to_frame_buf.v Line: 315
Warning (10240): Verilog HDL Always Construct warning at vga_driver_to_frame_buf.v(151): inferring latch(es) for variable "player_x", which holds its previous value in one or more paths through the always construct File: M:/ECE287/FINAL PROJECT/Space Invaders/Project/vga_driver_to_frame_buf.v Line: 151
Warning (10240): Verilog HDL Always Construct warning at vga_driver_to_frame_buf.v(151): inferring latch(es) for variable "player_y", which holds its previous value in one or more paths through the always construct File: M:/ECE287/FINAL PROJECT/Space Invaders/Project/vga_driver_to_frame_buf.v Line: 151
Warning (10240): Verilog HDL Always Construct warning at vga_driver_to_frame_buf.v(151): inferring latch(es) for variable "led_reg", which holds its previous value in one or more paths through the always construct File: M:/ECE287/FINAL PROJECT/Space Invaders/Project/vga_driver_to_frame_buf.v Line: 151
Warning (10240): Verilog HDL Always Construct warning at vga_driver_to_frame_buf.v(323): inferring latch(es) for variable "the_vga_draw_frame_write_mem_address", which holds its previous value in one or more paths through the always construct File: M:/ECE287/FINAL PROJECT/Space Invaders/Project/vga_driver_to_frame_buf.v Line: 323
Info (10041): Inferred latch for "the_vga_draw_frame_write_mem_address[0]" at vga_driver_to_frame_buf.v(323) File: M:/ECE287/FINAL PROJECT/Space Invaders/Project/vga_driver_to_frame_buf.v Line: 323
Info (10041): Inferred latch for "the_vga_draw_frame_write_mem_address[1]" at vga_driver_to_frame_buf.v(323) File: M:/ECE287/FINAL PROJECT/Space Invaders/Project/vga_driver_to_frame_buf.v Line: 323
Info (10041): Inferred latch for "the_vga_draw_frame_write_mem_address[2]" at vga_driver_to_frame_buf.v(323) File: M:/ECE287/FINAL PROJECT/Space Invaders/Project/vga_driver_to_frame_buf.v Line: 323
Info (10041): Inferred latch for "the_vga_draw_frame_write_mem_address[3]" at vga_driver_to_frame_buf.v(323) File: M:/ECE287/FINAL PROJECT/Space Invaders/Project/vga_driver_to_frame_buf.v Line: 323
Info (10041): Inferred latch for "the_vga_draw_frame_write_mem_address[4]" at vga_driver_to_frame_buf.v(323) File: M:/ECE287/FINAL PROJECT/Space Invaders/Project/vga_driver_to_frame_buf.v Line: 323
Info (10041): Inferred latch for "the_vga_draw_frame_write_mem_address[5]" at vga_driver_to_frame_buf.v(323) File: M:/ECE287/FINAL PROJECT/Space Invaders/Project/vga_driver_to_frame_buf.v Line: 323
Info (10041): Inferred latch for "the_vga_draw_frame_write_mem_address[6]" at vga_driver_to_frame_buf.v(323) File: M:/ECE287/FINAL PROJECT/Space Invaders/Project/vga_driver_to_frame_buf.v Line: 323
Info (10041): Inferred latch for "the_vga_draw_frame_write_mem_address[7]" at vga_driver_to_frame_buf.v(323) File: M:/ECE287/FINAL PROJECT/Space Invaders/Project/vga_driver_to_frame_buf.v Line: 323
Info (10041): Inferred latch for "the_vga_draw_frame_write_mem_address[8]" at vga_driver_to_frame_buf.v(323) File: M:/ECE287/FINAL PROJECT/Space Invaders/Project/vga_driver_to_frame_buf.v Line: 323
Info (10041): Inferred latch for "the_vga_draw_frame_write_mem_address[9]" at vga_driver_to_frame_buf.v(323) File: M:/ECE287/FINAL PROJECT/Space Invaders/Project/vga_driver_to_frame_buf.v Line: 323
Info (10041): Inferred latch for "the_vga_draw_frame_write_mem_address[10]" at vga_driver_to_frame_buf.v(323) File: M:/ECE287/FINAL PROJECT/Space Invaders/Project/vga_driver_to_frame_buf.v Line: 323
Info (10041): Inferred latch for "the_vga_draw_frame_write_mem_address[11]" at vga_driver_to_frame_buf.v(323) File: M:/ECE287/FINAL PROJECT/Space Invaders/Project/vga_driver_to_frame_buf.v Line: 323
Info (10041): Inferred latch for "the_vga_draw_frame_write_mem_address[12]" at vga_driver_to_frame_buf.v(323) File: M:/ECE287/FINAL PROJECT/Space Invaders/Project/vga_driver_to_frame_buf.v Line: 323
Info (10041): Inferred latch for "the_vga_draw_frame_write_mem_address[13]" at vga_driver_to_frame_buf.v(323) File: M:/ECE287/FINAL PROJECT/Space Invaders/Project/vga_driver_to_frame_buf.v Line: 323
Info (10041): Inferred latch for "the_vga_draw_frame_write_mem_address[14]" at vga_driver_to_frame_buf.v(323) File: M:/ECE287/FINAL PROJECT/Space Invaders/Project/vga_driver_to_frame_buf.v Line: 323
Info (10041): Inferred latch for "led_reg[0]" at vga_driver_to_frame_buf.v(151) File: M:/ECE287/FINAL PROJECT/Space Invaders/Project/vga_driver_to_frame_buf.v Line: 151
Info (10041): Inferred latch for "led_reg[1]" at vga_driver_to_frame_buf.v(151) File: M:/ECE287/FINAL PROJECT/Space Invaders/Project/vga_driver_to_frame_buf.v Line: 151
Info (10041): Inferred latch for "led_reg[2]" at vga_driver_to_frame_buf.v(151) File: M:/ECE287/FINAL PROJECT/Space Invaders/Project/vga_driver_to_frame_buf.v Line: 151
Info (10041): Inferred latch for "led_reg[3]" at vga_driver_to_frame_buf.v(151) File: M:/ECE287/FINAL PROJECT/Space Invaders/Project/vga_driver_to_frame_buf.v Line: 151
Info (10041): Inferred latch for "led_reg[4]" at vga_driver_to_frame_buf.v(151) File: M:/ECE287/FINAL PROJECT/Space Invaders/Project/vga_driver_to_frame_buf.v Line: 151
Info (10041): Inferred latch for "led_reg[5]" at vga_driver_to_frame_buf.v(151) File: M:/ECE287/FINAL PROJECT/Space Invaders/Project/vga_driver_to_frame_buf.v Line: 151
Info (10041): Inferred latch for "led_reg[6]" at vga_driver_to_frame_buf.v(151) File: M:/ECE287/FINAL PROJECT/Space Invaders/Project/vga_driver_to_frame_buf.v Line: 151
Info (10041): Inferred latch for "led_reg[7]" at vga_driver_to_frame_buf.v(151) File: M:/ECE287/FINAL PROJECT/Space Invaders/Project/vga_driver_to_frame_buf.v Line: 151
Info (10041): Inferred latch for "led_reg[8]" at vga_driver_to_frame_buf.v(151) File: M:/ECE287/FINAL PROJECT/Space Invaders/Project/vga_driver_to_frame_buf.v Line: 151
Info (10041): Inferred latch for "alien_position_y[0][0]" at vga_driver_to_frame_buf.v(151) File: M:/ECE287/FINAL PROJECT/Space Invaders/Project/vga_driver_to_frame_buf.v Line: 151
Info (10041): Inferred latch for "alien_position_y[0][1]" at vga_driver_to_frame_buf.v(151) File: M:/ECE287/FINAL PROJECT/Space Invaders/Project/vga_driver_to_frame_buf.v Line: 151
Info (10041): Inferred latch for "alien_position_y[0][2]" at vga_driver_to_frame_buf.v(151) File: M:/ECE287/FINAL PROJECT/Space Invaders/Project/vga_driver_to_frame_buf.v Line: 151
Info (10041): Inferred latch for "alien_position_y[0][3]" at vga_driver_to_frame_buf.v(151) File: M:/ECE287/FINAL PROJECT/Space Invaders/Project/vga_driver_to_frame_buf.v Line: 151
Info (10041): Inferred latch for "alien_position_y[0][4]" at vga_driver_to_frame_buf.v(151) File: M:/ECE287/FINAL PROJECT/Space Invaders/Project/vga_driver_to_frame_buf.v Line: 151
Info (10041): Inferred latch for "alien_position_y[0][5]" at vga_driver_to_frame_buf.v(151) File: M:/ECE287/FINAL PROJECT/Space Invaders/Project/vga_driver_to_frame_buf.v Line: 151
Info (10041): Inferred latch for "alien_position_y[0][6]" at vga_driver_to_frame_buf.v(151) File: M:/ECE287/FINAL PROJECT/Space Invaders/Project/vga_driver_to_frame_buf.v Line: 151
Info (10041): Inferred latch for "alien_position_y[0][7]" at vga_driver_to_frame_buf.v(151) File: M:/ECE287/FINAL PROJECT/Space Invaders/Project/vga_driver_to_frame_buf.v Line: 151
Info (10041): Inferred latch for "alien_position_y[0][8]" at vga_driver_to_frame_buf.v(151) File: M:/ECE287/FINAL PROJECT/Space Invaders/Project/vga_driver_to_frame_buf.v Line: 151
Info (10041): Inferred latch for "alien_position_y[0][9]" at vga_driver_to_frame_buf.v(151) File: M:/ECE287/FINAL PROJECT/Space Invaders/Project/vga_driver_to_frame_buf.v Line: 151
Info (10041): Inferred latch for "alien_position_y[1][0]" at vga_driver_to_frame_buf.v(151) File: M:/ECE287/FINAL PROJECT/Space Invaders/Project/vga_driver_to_frame_buf.v Line: 151
Info (10041): Inferred latch for "alien_position_y[1][1]" at vga_driver_to_frame_buf.v(151) File: M:/ECE287/FINAL PROJECT/Space Invaders/Project/vga_driver_to_frame_buf.v Line: 151
Info (10041): Inferred latch for "alien_position_y[1][2]" at vga_driver_to_frame_buf.v(151) File: M:/ECE287/FINAL PROJECT/Space Invaders/Project/vga_driver_to_frame_buf.v Line: 151
Info (10041): Inferred latch for "alien_position_y[1][3]" at vga_driver_to_frame_buf.v(151) File: M:/ECE287/FINAL PROJECT/Space Invaders/Project/vga_driver_to_frame_buf.v Line: 151
Info (10041): Inferred latch for "alien_position_y[1][4]" at vga_driver_to_frame_buf.v(151) File: M:/ECE287/FINAL PROJECT/Space Invaders/Project/vga_driver_to_frame_buf.v Line: 151
Info (10041): Inferred latch for "alien_position_y[1][5]" at vga_driver_to_frame_buf.v(151) File: M:/ECE287/FINAL PROJECT/Space Invaders/Project/vga_driver_to_frame_buf.v Line: 151
Info (10041): Inferred latch for "alien_position_y[1][6]" at vga_driver_to_frame_buf.v(151) File: M:/ECE287/FINAL PROJECT/Space Invaders/Project/vga_driver_to_frame_buf.v Line: 151
Info (10041): Inferred latch for "alien_position_y[1][7]" at vga_driver_to_frame_buf.v(151) File: M:/ECE287/FINAL PROJECT/Space Invaders/Project/vga_driver_to_frame_buf.v Line: 151
Info (10041): Inferred latch for "alien_position_y[1][8]" at vga_driver_to_frame_buf.v(151) File: M:/ECE287/FINAL PROJECT/Space Invaders/Project/vga_driver_to_frame_buf.v Line: 151
Info (10041): Inferred latch for "alien_position_y[1][9]" at vga_driver_to_frame_buf.v(151) File: M:/ECE287/FINAL PROJECT/Space Invaders/Project/vga_driver_to_frame_buf.v Line: 151
Info (10041): Inferred latch for "alien_position_y[2][0]" at vga_driver_to_frame_buf.v(151) File: M:/ECE287/FINAL PROJECT/Space Invaders/Project/vga_driver_to_frame_buf.v Line: 151
Info (10041): Inferred latch for "alien_position_y[2][1]" at vga_driver_to_frame_buf.v(151) File: M:/ECE287/FINAL PROJECT/Space Invaders/Project/vga_driver_to_frame_buf.v Line: 151
Info (10041): Inferred latch for "alien_position_y[2][2]" at vga_driver_to_frame_buf.v(151) File: M:/ECE287/FINAL PROJECT/Space Invaders/Project/vga_driver_to_frame_buf.v Line: 151
Info (10041): Inferred latch for "alien_position_y[2][3]" at vga_driver_to_frame_buf.v(151) File: M:/ECE287/FINAL PROJECT/Space Invaders/Project/vga_driver_to_frame_buf.v Line: 151
Info (10041): Inferred latch for "alien_position_y[2][4]" at vga_driver_to_frame_buf.v(151) File: M:/ECE287/FINAL PROJECT/Space Invaders/Project/vga_driver_to_frame_buf.v Line: 151
Info (10041): Inferred latch for "alien_position_y[2][5]" at vga_driver_to_frame_buf.v(151) File: M:/ECE287/FINAL PROJECT/Space Invaders/Project/vga_driver_to_frame_buf.v Line: 151
Info (10041): Inferred latch for "alien_position_y[2][6]" at vga_driver_to_frame_buf.v(151) File: M:/ECE287/FINAL PROJECT/Space Invaders/Project/vga_driver_to_frame_buf.v Line: 151
Info (10041): Inferred latch for "alien_position_y[2][7]" at vga_driver_to_frame_buf.v(151) File: M:/ECE287/FINAL PROJECT/Space Invaders/Project/vga_driver_to_frame_buf.v Line: 151
Info (10041): Inferred latch for "alien_position_y[2][8]" at vga_driver_to_frame_buf.v(151) File: M:/ECE287/FINAL PROJECT/Space Invaders/Project/vga_driver_to_frame_buf.v Line: 151
Info (10041): Inferred latch for "alien_position_y[2][9]" at vga_driver_to_frame_buf.v(151) File: M:/ECE287/FINAL PROJECT/Space Invaders/Project/vga_driver_to_frame_buf.v Line: 151
Info (10041): Inferred latch for "alien_position_y[3][0]" at vga_driver_to_frame_buf.v(151) File: M:/ECE287/FINAL PROJECT/Space Invaders/Project/vga_driver_to_frame_buf.v Line: 151
Info (10041): Inferred latch for "alien_position_y[3][1]" at vga_driver_to_frame_buf.v(151) File: M:/ECE287/FINAL PROJECT/Space Invaders/Project/vga_driver_to_frame_buf.v Line: 151
Info (10041): Inferred latch for "alien_position_y[3][2]" at vga_driver_to_frame_buf.v(151) File: M:/ECE287/FINAL PROJECT/Space Invaders/Project/vga_driver_to_frame_buf.v Line: 151
Info (10041): Inferred latch for "alien_position_y[3][3]" at vga_driver_to_frame_buf.v(151) File: M:/ECE287/FINAL PROJECT/Space Invaders/Project/vga_driver_to_frame_buf.v Line: 151
Info (10041): Inferred latch for "alien_position_y[3][4]" at vga_driver_to_frame_buf.v(151) File: M:/ECE287/FINAL PROJECT/Space Invaders/Project/vga_driver_to_frame_buf.v Line: 151
Info (10041): Inferred latch for "alien_position_y[3][5]" at vga_driver_to_frame_buf.v(151) File: M:/ECE287/FINAL PROJECT/Space Invaders/Project/vga_driver_to_frame_buf.v Line: 151
Info (10041): Inferred latch for "alien_position_y[3][6]" at vga_driver_to_frame_buf.v(151) File: M:/ECE287/FINAL PROJECT/Space Invaders/Project/vga_driver_to_frame_buf.v Line: 151
Info (10041): Inferred latch for "alien_position_y[3][7]" at vga_driver_to_frame_buf.v(151) File: M:/ECE287/FINAL PROJECT/Space Invaders/Project/vga_driver_to_frame_buf.v Line: 151
Info (10041): Inferred latch for "alien_position_y[3][8]" at vga_driver_to_frame_buf.v(151) File: M:/ECE287/FINAL PROJECT/Space Invaders/Project/vga_driver_to_frame_buf.v Line: 151
Info (10041): Inferred latch for "alien_position_y[3][9]" at vga_driver_to_frame_buf.v(151) File: M:/ECE287/FINAL PROJECT/Space Invaders/Project/vga_driver_to_frame_buf.v Line: 151
Info (10041): Inferred latch for "alien_position_y[4][0]" at vga_driver_to_frame_buf.v(151) File: M:/ECE287/FINAL PROJECT/Space Invaders/Project/vga_driver_to_frame_buf.v Line: 151
Info (10041): Inferred latch for "alien_position_y[4][1]" at vga_driver_to_frame_buf.v(151) File: M:/ECE287/FINAL PROJECT/Space Invaders/Project/vga_driver_to_frame_buf.v Line: 151
Info (10041): Inferred latch for "alien_position_y[4][2]" at vga_driver_to_frame_buf.v(151) File: M:/ECE287/FINAL PROJECT/Space Invaders/Project/vga_driver_to_frame_buf.v Line: 151
Info (10041): Inferred latch for "alien_position_y[4][3]" at vga_driver_to_frame_buf.v(151) File: M:/ECE287/FINAL PROJECT/Space Invaders/Project/vga_driver_to_frame_buf.v Line: 151
Info (10041): Inferred latch for "alien_position_y[4][4]" at vga_driver_to_frame_buf.v(151) File: M:/ECE287/FINAL PROJECT/Space Invaders/Project/vga_driver_to_frame_buf.v Line: 151
Info (10041): Inferred latch for "alien_position_y[4][5]" at vga_driver_to_frame_buf.v(151) File: M:/ECE287/FINAL PROJECT/Space Invaders/Project/vga_driver_to_frame_buf.v Line: 151
Info (10041): Inferred latch for "alien_position_y[4][6]" at vga_driver_to_frame_buf.v(151) File: M:/ECE287/FINAL PROJECT/Space Invaders/Project/vga_driver_to_frame_buf.v Line: 151
Info (10041): Inferred latch for "alien_position_y[4][7]" at vga_driver_to_frame_buf.v(151) File: M:/ECE287/FINAL PROJECT/Space Invaders/Project/vga_driver_to_frame_buf.v Line: 151
Info (10041): Inferred latch for "alien_position_y[4][8]" at vga_driver_to_frame_buf.v(151) File: M:/ECE287/FINAL PROJECT/Space Invaders/Project/vga_driver_to_frame_buf.v Line: 151
Info (10041): Inferred latch for "alien_position_y[4][9]" at vga_driver_to_frame_buf.v(151) File: M:/ECE287/FINAL PROJECT/Space Invaders/Project/vga_driver_to_frame_buf.v Line: 151
Info (10041): Inferred latch for "alien_position_y[5][0]" at vga_driver_to_frame_buf.v(151) File: M:/ECE287/FINAL PROJECT/Space Invaders/Project/vga_driver_to_frame_buf.v Line: 151
Info (10041): Inferred latch for "alien_position_y[5][1]" at vga_driver_to_frame_buf.v(151) File: M:/ECE287/FINAL PROJECT/Space Invaders/Project/vga_driver_to_frame_buf.v Line: 151
Info (10041): Inferred latch for "alien_position_y[5][2]" at vga_driver_to_frame_buf.v(151) File: M:/ECE287/FINAL PROJECT/Space Invaders/Project/vga_driver_to_frame_buf.v Line: 151
Info (10041): Inferred latch for "alien_position_y[5][3]" at vga_driver_to_frame_buf.v(151) File: M:/ECE287/FINAL PROJECT/Space Invaders/Project/vga_driver_to_frame_buf.v Line: 151
Info (10041): Inferred latch for "alien_position_y[5][4]" at vga_driver_to_frame_buf.v(151) File: M:/ECE287/FINAL PROJECT/Space Invaders/Project/vga_driver_to_frame_buf.v Line: 151
Info (10041): Inferred latch for "alien_position_y[5][5]" at vga_driver_to_frame_buf.v(151) File: M:/ECE287/FINAL PROJECT/Space Invaders/Project/vga_driver_to_frame_buf.v Line: 151
Info (10041): Inferred latch for "alien_position_y[5][6]" at vga_driver_to_frame_buf.v(151) File: M:/ECE287/FINAL PROJECT/Space Invaders/Project/vga_driver_to_frame_buf.v Line: 151
Info (10041): Inferred latch for "alien_position_y[5][7]" at vga_driver_to_frame_buf.v(151) File: M:/ECE287/FINAL PROJECT/Space Invaders/Project/vga_driver_to_frame_buf.v Line: 151
Info (10041): Inferred latch for "alien_position_y[5][8]" at vga_driver_to_frame_buf.v(151) File: M:/ECE287/FINAL PROJECT/Space Invaders/Project/vga_driver_to_frame_buf.v Line: 151
Info (10041): Inferred latch for "alien_position_y[5][9]" at vga_driver_to_frame_buf.v(151) File: M:/ECE287/FINAL PROJECT/Space Invaders/Project/vga_driver_to_frame_buf.v Line: 151
Info (10041): Inferred latch for "alien_position_y[6][0]" at vga_driver_to_frame_buf.v(151) File: M:/ECE287/FINAL PROJECT/Space Invaders/Project/vga_driver_to_frame_buf.v Line: 151
Info (10041): Inferred latch for "alien_position_y[6][1]" at vga_driver_to_frame_buf.v(151) File: M:/ECE287/FINAL PROJECT/Space Invaders/Project/vga_driver_to_frame_buf.v Line: 151
Info (10041): Inferred latch for "alien_position_y[6][2]" at vga_driver_to_frame_buf.v(151) File: M:/ECE287/FINAL PROJECT/Space Invaders/Project/vga_driver_to_frame_buf.v Line: 151
Info (10041): Inferred latch for "alien_position_y[6][3]" at vga_driver_to_frame_buf.v(151) File: M:/ECE287/FINAL PROJECT/Space Invaders/Project/vga_driver_to_frame_buf.v Line: 151
Info (10041): Inferred latch for "alien_position_y[6][4]" at vga_driver_to_frame_buf.v(151) File: M:/ECE287/FINAL PROJECT/Space Invaders/Project/vga_driver_to_frame_buf.v Line: 151
Info (10041): Inferred latch for "alien_position_y[6][5]" at vga_driver_to_frame_buf.v(151) File: M:/ECE287/FINAL PROJECT/Space Invaders/Project/vga_driver_to_frame_buf.v Line: 151
Info (10041): Inferred latch for "alien_position_y[6][6]" at vga_driver_to_frame_buf.v(151) File: M:/ECE287/FINAL PROJECT/Space Invaders/Project/vga_driver_to_frame_buf.v Line: 151
Info (10041): Inferred latch for "alien_position_y[6][7]" at vga_driver_to_frame_buf.v(151) File: M:/ECE287/FINAL PROJECT/Space Invaders/Project/vga_driver_to_frame_buf.v Line: 151
Info (10041): Inferred latch for "alien_position_y[6][8]" at vga_driver_to_frame_buf.v(151) File: M:/ECE287/FINAL PROJECT/Space Invaders/Project/vga_driver_to_frame_buf.v Line: 151
Info (10041): Inferred latch for "alien_position_y[6][9]" at vga_driver_to_frame_buf.v(151) File: M:/ECE287/FINAL PROJECT/Space Invaders/Project/vga_driver_to_frame_buf.v Line: 151
Info (10041): Inferred latch for "alien_position_y[7][0]" at vga_driver_to_frame_buf.v(151) File: M:/ECE287/FINAL PROJECT/Space Invaders/Project/vga_driver_to_frame_buf.v Line: 151
Info (10041): Inferred latch for "alien_position_y[7][1]" at vga_driver_to_frame_buf.v(151) File: M:/ECE287/FINAL PROJECT/Space Invaders/Project/vga_driver_to_frame_buf.v Line: 151
Info (10041): Inferred latch for "alien_position_y[7][2]" at vga_driver_to_frame_buf.v(151) File: M:/ECE287/FINAL PROJECT/Space Invaders/Project/vga_driver_to_frame_buf.v Line: 151
Info (10041): Inferred latch for "alien_position_y[7][3]" at vga_driver_to_frame_buf.v(151) File: M:/ECE287/FINAL PROJECT/Space Invaders/Project/vga_driver_to_frame_buf.v Line: 151
Info (10041): Inferred latch for "alien_position_y[7][4]" at vga_driver_to_frame_buf.v(151) File: M:/ECE287/FINAL PROJECT/Space Invaders/Project/vga_driver_to_frame_buf.v Line: 151
Info (10041): Inferred latch for "alien_position_y[7][5]" at vga_driver_to_frame_buf.v(151) File: M:/ECE287/FINAL PROJECT/Space Invaders/Project/vga_driver_to_frame_buf.v Line: 151
Info (10041): Inferred latch for "alien_position_y[7][6]" at vga_driver_to_frame_buf.v(151) File: M:/ECE287/FINAL PROJECT/Space Invaders/Project/vga_driver_to_frame_buf.v Line: 151
Info (10041): Inferred latch for "alien_position_y[7][7]" at vga_driver_to_frame_buf.v(151) File: M:/ECE287/FINAL PROJECT/Space Invaders/Project/vga_driver_to_frame_buf.v Line: 151
Info (10041): Inferred latch for "alien_position_y[7][8]" at vga_driver_to_frame_buf.v(151) File: M:/ECE287/FINAL PROJECT/Space Invaders/Project/vga_driver_to_frame_buf.v Line: 151
Info (10041): Inferred latch for "alien_position_y[7][9]" at vga_driver_to_frame_buf.v(151) File: M:/ECE287/FINAL PROJECT/Space Invaders/Project/vga_driver_to_frame_buf.v Line: 151
Info (10041): Inferred latch for "alien_position_y[8][0]" at vga_driver_to_frame_buf.v(151) File: M:/ECE287/FINAL PROJECT/Space Invaders/Project/vga_driver_to_frame_buf.v Line: 151
Info (10041): Inferred latch for "alien_position_y[8][1]" at vga_driver_to_frame_buf.v(151) File: M:/ECE287/FINAL PROJECT/Space Invaders/Project/vga_driver_to_frame_buf.v Line: 151
Info (10041): Inferred latch for "alien_position_y[8][2]" at vga_driver_to_frame_buf.v(151) File: M:/ECE287/FINAL PROJECT/Space Invaders/Project/vga_driver_to_frame_buf.v Line: 151
Info (10041): Inferred latch for "alien_position_y[8][3]" at vga_driver_to_frame_buf.v(151) File: M:/ECE287/FINAL PROJECT/Space Invaders/Project/vga_driver_to_frame_buf.v Line: 151
Info (10041): Inferred latch for "alien_position_y[8][4]" at vga_driver_to_frame_buf.v(151) File: M:/ECE287/FINAL PROJECT/Space Invaders/Project/vga_driver_to_frame_buf.v Line: 151
Info (10041): Inferred latch for "alien_position_y[8][5]" at vga_driver_to_frame_buf.v(151) File: M:/ECE287/FINAL PROJECT/Space Invaders/Project/vga_driver_to_frame_buf.v Line: 151
Info (10041): Inferred latch for "alien_position_y[8][6]" at vga_driver_to_frame_buf.v(151) File: M:/ECE287/FINAL PROJECT/Space Invaders/Project/vga_driver_to_frame_buf.v Line: 151
Info (10041): Inferred latch for "alien_position_y[8][7]" at vga_driver_to_frame_buf.v(151) File: M:/ECE287/FINAL PROJECT/Space Invaders/Project/vga_driver_to_frame_buf.v Line: 151
Info (10041): Inferred latch for "alien_position_y[8][8]" at vga_driver_to_frame_buf.v(151) File: M:/ECE287/FINAL PROJECT/Space Invaders/Project/vga_driver_to_frame_buf.v Line: 151
Info (10041): Inferred latch for "alien_position_y[8][9]" at vga_driver_to_frame_buf.v(151) File: M:/ECE287/FINAL PROJECT/Space Invaders/Project/vga_driver_to_frame_buf.v Line: 151
Info (10041): Inferred latch for "alien_position_y[9][0]" at vga_driver_to_frame_buf.v(151) File: M:/ECE287/FINAL PROJECT/Space Invaders/Project/vga_driver_to_frame_buf.v Line: 151
Info (10041): Inferred latch for "alien_position_y[9][1]" at vga_driver_to_frame_buf.v(151) File: M:/ECE287/FINAL PROJECT/Space Invaders/Project/vga_driver_to_frame_buf.v Line: 151
Info (10041): Inferred latch for "alien_position_y[9][2]" at vga_driver_to_frame_buf.v(151) File: M:/ECE287/FINAL PROJECT/Space Invaders/Project/vga_driver_to_frame_buf.v Line: 151
Info (10041): Inferred latch for "alien_position_y[9][3]" at vga_driver_to_frame_buf.v(151) File: M:/ECE287/FINAL PROJECT/Space Invaders/Project/vga_driver_to_frame_buf.v Line: 151
Info (10041): Inferred latch for "alien_position_y[9][4]" at vga_driver_to_frame_buf.v(151) File: M:/ECE287/FINAL PROJECT/Space Invaders/Project/vga_driver_to_frame_buf.v Line: 151
Info (10041): Inferred latch for "alien_position_y[9][5]" at vga_driver_to_frame_buf.v(151) File: M:/ECE287/FINAL PROJECT/Space Invaders/Project/vga_driver_to_frame_buf.v Line: 151
Info (10041): Inferred latch for "alien_position_y[9][6]" at vga_driver_to_frame_buf.v(151) File: M:/ECE287/FINAL PROJECT/Space Invaders/Project/vga_driver_to_frame_buf.v Line: 151
Info (10041): Inferred latch for "alien_position_y[9][7]" at vga_driver_to_frame_buf.v(151) File: M:/ECE287/FINAL PROJECT/Space Invaders/Project/vga_driver_to_frame_buf.v Line: 151
Info (10041): Inferred latch for "alien_position_y[9][8]" at vga_driver_to_frame_buf.v(151) File: M:/ECE287/FINAL PROJECT/Space Invaders/Project/vga_driver_to_frame_buf.v Line: 151
Info (10041): Inferred latch for "alien_position_y[9][9]" at vga_driver_to_frame_buf.v(151) File: M:/ECE287/FINAL PROJECT/Space Invaders/Project/vga_driver_to_frame_buf.v Line: 151
Info (10041): Inferred latch for "alien_position_y[10][0]" at vga_driver_to_frame_buf.v(151) File: M:/ECE287/FINAL PROJECT/Space Invaders/Project/vga_driver_to_frame_buf.v Line: 151
Info (10041): Inferred latch for "alien_position_y[10][1]" at vga_driver_to_frame_buf.v(151) File: M:/ECE287/FINAL PROJECT/Space Invaders/Project/vga_driver_to_frame_buf.v Line: 151
Info (10041): Inferred latch for "alien_position_y[10][2]" at vga_driver_to_frame_buf.v(151) File: M:/ECE287/FINAL PROJECT/Space Invaders/Project/vga_driver_to_frame_buf.v Line: 151
Info (10041): Inferred latch for "alien_position_y[10][3]" at vga_driver_to_frame_buf.v(151) File: M:/ECE287/FINAL PROJECT/Space Invaders/Project/vga_driver_to_frame_buf.v Line: 151
Info (10041): Inferred latch for "alien_position_y[10][4]" at vga_driver_to_frame_buf.v(151) File: M:/ECE287/FINAL PROJECT/Space Invaders/Project/vga_driver_to_frame_buf.v Line: 151
Info (10041): Inferred latch for "alien_position_y[10][5]" at vga_driver_to_frame_buf.v(151) File: M:/ECE287/FINAL PROJECT/Space Invaders/Project/vga_driver_to_frame_buf.v Line: 151
Info (10041): Inferred latch for "alien_position_y[10][6]" at vga_driver_to_frame_buf.v(151) File: M:/ECE287/FINAL PROJECT/Space Invaders/Project/vga_driver_to_frame_buf.v Line: 151
Info (10041): Inferred latch for "alien_position_y[10][7]" at vga_driver_to_frame_buf.v(151) File: M:/ECE287/FINAL PROJECT/Space Invaders/Project/vga_driver_to_frame_buf.v Line: 151
Info (10041): Inferred latch for "alien_position_y[10][8]" at vga_driver_to_frame_buf.v(151) File: M:/ECE287/FINAL PROJECT/Space Invaders/Project/vga_driver_to_frame_buf.v Line: 151
Info (10041): Inferred latch for "alien_position_y[10][9]" at vga_driver_to_frame_buf.v(151) File: M:/ECE287/FINAL PROJECT/Space Invaders/Project/vga_driver_to_frame_buf.v Line: 151
Info (10041): Inferred latch for "alien_position_y[11][0]" at vga_driver_to_frame_buf.v(151) File: M:/ECE287/FINAL PROJECT/Space Invaders/Project/vga_driver_to_frame_buf.v Line: 151
Info (10041): Inferred latch for "alien_position_y[11][1]" at vga_driver_to_frame_buf.v(151) File: M:/ECE287/FINAL PROJECT/Space Invaders/Project/vga_driver_to_frame_buf.v Line: 151
Info (10041): Inferred latch for "alien_position_y[11][2]" at vga_driver_to_frame_buf.v(151) File: M:/ECE287/FINAL PROJECT/Space Invaders/Project/vga_driver_to_frame_buf.v Line: 151
Info (10041): Inferred latch for "alien_position_y[11][3]" at vga_driver_to_frame_buf.v(151) File: M:/ECE287/FINAL PROJECT/Space Invaders/Project/vga_driver_to_frame_buf.v Line: 151
Info (10041): Inferred latch for "alien_position_y[11][4]" at vga_driver_to_frame_buf.v(151) File: M:/ECE287/FINAL PROJECT/Space Invaders/Project/vga_driver_to_frame_buf.v Line: 151
Info (10041): Inferred latch for "alien_position_y[11][5]" at vga_driver_to_frame_buf.v(151) File: M:/ECE287/FINAL PROJECT/Space Invaders/Project/vga_driver_to_frame_buf.v Line: 151
Info (10041): Inferred latch for "alien_position_y[11][6]" at vga_driver_to_frame_buf.v(151) File: M:/ECE287/FINAL PROJECT/Space Invaders/Project/vga_driver_to_frame_buf.v Line: 151
Info (10041): Inferred latch for "alien_position_y[11][7]" at vga_driver_to_frame_buf.v(151) File: M:/ECE287/FINAL PROJECT/Space Invaders/Project/vga_driver_to_frame_buf.v Line: 151
Info (10041): Inferred latch for "alien_position_y[11][8]" at vga_driver_to_frame_buf.v(151) File: M:/ECE287/FINAL PROJECT/Space Invaders/Project/vga_driver_to_frame_buf.v Line: 151
Info (10041): Inferred latch for "alien_position_y[11][9]" at vga_driver_to_frame_buf.v(151) File: M:/ECE287/FINAL PROJECT/Space Invaders/Project/vga_driver_to_frame_buf.v Line: 151
Info (10041): Inferred latch for "alien_position_y[12][0]" at vga_driver_to_frame_buf.v(151) File: M:/ECE287/FINAL PROJECT/Space Invaders/Project/vga_driver_to_frame_buf.v Line: 151
Info (10041): Inferred latch for "alien_position_y[12][1]" at vga_driver_to_frame_buf.v(151) File: M:/ECE287/FINAL PROJECT/Space Invaders/Project/vga_driver_to_frame_buf.v Line: 151
Info (10041): Inferred latch for "alien_position_y[12][2]" at vga_driver_to_frame_buf.v(151) File: M:/ECE287/FINAL PROJECT/Space Invaders/Project/vga_driver_to_frame_buf.v Line: 151
Info (10041): Inferred latch for "alien_position_y[12][3]" at vga_driver_to_frame_buf.v(151) File: M:/ECE287/FINAL PROJECT/Space Invaders/Project/vga_driver_to_frame_buf.v Line: 151
Info (10041): Inferred latch for "alien_position_y[12][4]" at vga_driver_to_frame_buf.v(151) File: M:/ECE287/FINAL PROJECT/Space Invaders/Project/vga_driver_to_frame_buf.v Line: 151
Info (10041): Inferred latch for "alien_position_y[12][5]" at vga_driver_to_frame_buf.v(151) File: M:/ECE287/FINAL PROJECT/Space Invaders/Project/vga_driver_to_frame_buf.v Line: 151
Info (10041): Inferred latch for "alien_position_y[12][6]" at vga_driver_to_frame_buf.v(151) File: M:/ECE287/FINAL PROJECT/Space Invaders/Project/vga_driver_to_frame_buf.v Line: 151
Info (10041): Inferred latch for "alien_position_y[12][7]" at vga_driver_to_frame_buf.v(151) File: M:/ECE287/FINAL PROJECT/Space Invaders/Project/vga_driver_to_frame_buf.v Line: 151
Info (10041): Inferred latch for "alien_position_y[12][8]" at vga_driver_to_frame_buf.v(151) File: M:/ECE287/FINAL PROJECT/Space Invaders/Project/vga_driver_to_frame_buf.v Line: 151
Info (10041): Inferred latch for "alien_position_y[12][9]" at vga_driver_to_frame_buf.v(151) File: M:/ECE287/FINAL PROJECT/Space Invaders/Project/vga_driver_to_frame_buf.v Line: 151
Info (10041): Inferred latch for "alien_position_y[13][0]" at vga_driver_to_frame_buf.v(151) File: M:/ECE287/FINAL PROJECT/Space Invaders/Project/vga_driver_to_frame_buf.v Line: 151
Info (10041): Inferred latch for "alien_position_y[13][1]" at vga_driver_to_frame_buf.v(151) File: M:/ECE287/FINAL PROJECT/Space Invaders/Project/vga_driver_to_frame_buf.v Line: 151
Info (10041): Inferred latch for "alien_position_y[13][2]" at vga_driver_to_frame_buf.v(151) File: M:/ECE287/FINAL PROJECT/Space Invaders/Project/vga_driver_to_frame_buf.v Line: 151
Info (10041): Inferred latch for "alien_position_y[13][3]" at vga_driver_to_frame_buf.v(151) File: M:/ECE287/FINAL PROJECT/Space Invaders/Project/vga_driver_to_frame_buf.v Line: 151
Info (10041): Inferred latch for "alien_position_y[13][4]" at vga_driver_to_frame_buf.v(151) File: M:/ECE287/FINAL PROJECT/Space Invaders/Project/vga_driver_to_frame_buf.v Line: 151
Info (10041): Inferred latch for "alien_position_y[13][5]" at vga_driver_to_frame_buf.v(151) File: M:/ECE287/FINAL PROJECT/Space Invaders/Project/vga_driver_to_frame_buf.v Line: 151
Info (10041): Inferred latch for "alien_position_y[13][6]" at vga_driver_to_frame_buf.v(151) File: M:/ECE287/FINAL PROJECT/Space Invaders/Project/vga_driver_to_frame_buf.v Line: 151
Info (10041): Inferred latch for "alien_position_y[13][7]" at vga_driver_to_frame_buf.v(151) File: M:/ECE287/FINAL PROJECT/Space Invaders/Project/vga_driver_to_frame_buf.v Line: 151
Info (10041): Inferred latch for "alien_position_y[13][8]" at vga_driver_to_frame_buf.v(151) File: M:/ECE287/FINAL PROJECT/Space Invaders/Project/vga_driver_to_frame_buf.v Line: 151
Info (10041): Inferred latch for "alien_position_y[13][9]" at vga_driver_to_frame_buf.v(151) File: M:/ECE287/FINAL PROJECT/Space Invaders/Project/vga_driver_to_frame_buf.v Line: 151
Info (10041): Inferred latch for "alien_position_y[14][0]" at vga_driver_to_frame_buf.v(151) File: M:/ECE287/FINAL PROJECT/Space Invaders/Project/vga_driver_to_frame_buf.v Line: 151
Info (10041): Inferred latch for "alien_position_y[14][1]" at vga_driver_to_frame_buf.v(151) File: M:/ECE287/FINAL PROJECT/Space Invaders/Project/vga_driver_to_frame_buf.v Line: 151
Info (10041): Inferred latch for "alien_position_y[14][2]" at vga_driver_to_frame_buf.v(151) File: M:/ECE287/FINAL PROJECT/Space Invaders/Project/vga_driver_to_frame_buf.v Line: 151
Info (10041): Inferred latch for "alien_position_y[14][3]" at vga_driver_to_frame_buf.v(151) File: M:/ECE287/FINAL PROJECT/Space Invaders/Project/vga_driver_to_frame_buf.v Line: 151
Info (10041): Inferred latch for "alien_position_y[14][4]" at vga_driver_to_frame_buf.v(151) File: M:/ECE287/FINAL PROJECT/Space Invaders/Project/vga_driver_to_frame_buf.v Line: 151
Info (10041): Inferred latch for "alien_position_y[14][5]" at vga_driver_to_frame_buf.v(151) File: M:/ECE287/FINAL PROJECT/Space Invaders/Project/vga_driver_to_frame_buf.v Line: 151
Info (10041): Inferred latch for "alien_position_y[14][6]" at vga_driver_to_frame_buf.v(151) File: M:/ECE287/FINAL PROJECT/Space Invaders/Project/vga_driver_to_frame_buf.v Line: 151
Info (10041): Inferred latch for "alien_position_y[14][7]" at vga_driver_to_frame_buf.v(151) File: M:/ECE287/FINAL PROJECT/Space Invaders/Project/vga_driver_to_frame_buf.v Line: 151
Info (10041): Inferred latch for "alien_position_y[14][8]" at vga_driver_to_frame_buf.v(151) File: M:/ECE287/FINAL PROJECT/Space Invaders/Project/vga_driver_to_frame_buf.v Line: 151
Info (10041): Inferred latch for "alien_position_y[14][9]" at vga_driver_to_frame_buf.v(151) File: M:/ECE287/FINAL PROJECT/Space Invaders/Project/vga_driver_to_frame_buf.v Line: 151
Info (10041): Inferred latch for "alien_position_y[15][0]" at vga_driver_to_frame_buf.v(151) File: M:/ECE287/FINAL PROJECT/Space Invaders/Project/vga_driver_to_frame_buf.v Line: 151
Info (10041): Inferred latch for "alien_position_y[15][1]" at vga_driver_to_frame_buf.v(151) File: M:/ECE287/FINAL PROJECT/Space Invaders/Project/vga_driver_to_frame_buf.v Line: 151
Info (10041): Inferred latch for "alien_position_y[15][2]" at vga_driver_to_frame_buf.v(151) File: M:/ECE287/FINAL PROJECT/Space Invaders/Project/vga_driver_to_frame_buf.v Line: 151
Info (10041): Inferred latch for "alien_position_y[15][3]" at vga_driver_to_frame_buf.v(151) File: M:/ECE287/FINAL PROJECT/Space Invaders/Project/vga_driver_to_frame_buf.v Line: 151
Info (10041): Inferred latch for "alien_position_y[15][4]" at vga_driver_to_frame_buf.v(151) File: M:/ECE287/FINAL PROJECT/Space Invaders/Project/vga_driver_to_frame_buf.v Line: 151
Info (10041): Inferred latch for "alien_position_y[15][5]" at vga_driver_to_frame_buf.v(151) File: M:/ECE287/FINAL PROJECT/Space Invaders/Project/vga_driver_to_frame_buf.v Line: 151
Info (10041): Inferred latch for "alien_position_y[15][6]" at vga_driver_to_frame_buf.v(151) File: M:/ECE287/FINAL PROJECT/Space Invaders/Project/vga_driver_to_frame_buf.v Line: 151
Info (10041): Inferred latch for "alien_position_y[15][7]" at vga_driver_to_frame_buf.v(151) File: M:/ECE287/FINAL PROJECT/Space Invaders/Project/vga_driver_to_frame_buf.v Line: 151
Info (10041): Inferred latch for "alien_position_y[15][8]" at vga_driver_to_frame_buf.v(151) File: M:/ECE287/FINAL PROJECT/Space Invaders/Project/vga_driver_to_frame_buf.v Line: 151
Info (10041): Inferred latch for "alien_position_y[15][9]" at vga_driver_to_frame_buf.v(151) File: M:/ECE287/FINAL PROJECT/Space Invaders/Project/vga_driver_to_frame_buf.v Line: 151
Info (10041): Inferred latch for "alien_position_y[16][0]" at vga_driver_to_frame_buf.v(151) File: M:/ECE287/FINAL PROJECT/Space Invaders/Project/vga_driver_to_frame_buf.v Line: 151
Info (10041): Inferred latch for "alien_position_y[16][1]" at vga_driver_to_frame_buf.v(151) File: M:/ECE287/FINAL PROJECT/Space Invaders/Project/vga_driver_to_frame_buf.v Line: 151
Info (10041): Inferred latch for "alien_position_y[16][2]" at vga_driver_to_frame_buf.v(151) File: M:/ECE287/FINAL PROJECT/Space Invaders/Project/vga_driver_to_frame_buf.v Line: 151
Info (10041): Inferred latch for "alien_position_y[16][3]" at vga_driver_to_frame_buf.v(151) File: M:/ECE287/FINAL PROJECT/Space Invaders/Project/vga_driver_to_frame_buf.v Line: 151
Info (10041): Inferred latch for "alien_position_y[16][4]" at vga_driver_to_frame_buf.v(151) File: M:/ECE287/FINAL PROJECT/Space Invaders/Project/vga_driver_to_frame_buf.v Line: 151
Info (10041): Inferred latch for "alien_position_y[16][5]" at vga_driver_to_frame_buf.v(151) File: M:/ECE287/FINAL PROJECT/Space Invaders/Project/vga_driver_to_frame_buf.v Line: 151
Info (10041): Inferred latch for "alien_position_y[16][6]" at vga_driver_to_frame_buf.v(151) File: M:/ECE287/FINAL PROJECT/Space Invaders/Project/vga_driver_to_frame_buf.v Line: 151
Info (10041): Inferred latch for "alien_position_y[16][7]" at vga_driver_to_frame_buf.v(151) File: M:/ECE287/FINAL PROJECT/Space Invaders/Project/vga_driver_to_frame_buf.v Line: 151
Info (10041): Inferred latch for "alien_position_y[16][8]" at vga_driver_to_frame_buf.v(151) File: M:/ECE287/FINAL PROJECT/Space Invaders/Project/vga_driver_to_frame_buf.v Line: 151
Info (10041): Inferred latch for "alien_position_y[16][9]" at vga_driver_to_frame_buf.v(151) File: M:/ECE287/FINAL PROJECT/Space Invaders/Project/vga_driver_to_frame_buf.v Line: 151
Info (10041): Inferred latch for "alien_position_y[17][0]" at vga_driver_to_frame_buf.v(151) File: M:/ECE287/FINAL PROJECT/Space Invaders/Project/vga_driver_to_frame_buf.v Line: 151
Info (10041): Inferred latch for "alien_position_y[17][1]" at vga_driver_to_frame_buf.v(151) File: M:/ECE287/FINAL PROJECT/Space Invaders/Project/vga_driver_to_frame_buf.v Line: 151
Info (10041): Inferred latch for "alien_position_y[17][2]" at vga_driver_to_frame_buf.v(151) File: M:/ECE287/FINAL PROJECT/Space Invaders/Project/vga_driver_to_frame_buf.v Line: 151
Info (10041): Inferred latch for "alien_position_y[17][3]" at vga_driver_to_frame_buf.v(151) File: M:/ECE287/FINAL PROJECT/Space Invaders/Project/vga_driver_to_frame_buf.v Line: 151
Info (10041): Inferred latch for "alien_position_y[17][4]" at vga_driver_to_frame_buf.v(151) File: M:/ECE287/FINAL PROJECT/Space Invaders/Project/vga_driver_to_frame_buf.v Line: 151
Info (10041): Inferred latch for "alien_position_y[17][5]" at vga_driver_to_frame_buf.v(151) File: M:/ECE287/FINAL PROJECT/Space Invaders/Project/vga_driver_to_frame_buf.v Line: 151
Info (10041): Inferred latch for "alien_position_y[17][6]" at vga_driver_to_frame_buf.v(151) File: M:/ECE287/FINAL PROJECT/Space Invaders/Project/vga_driver_to_frame_buf.v Line: 151
Info (10041): Inferred latch for "alien_position_y[17][7]" at vga_driver_to_frame_buf.v(151) File: M:/ECE287/FINAL PROJECT/Space Invaders/Project/vga_driver_to_frame_buf.v Line: 151
Info (10041): Inferred latch for "alien_position_y[17][8]" at vga_driver_to_frame_buf.v(151) File: M:/ECE287/FINAL PROJECT/Space Invaders/Project/vga_driver_to_frame_buf.v Line: 151
Info (10041): Inferred latch for "alien_position_y[17][9]" at vga_driver_to_frame_buf.v(151) File: M:/ECE287/FINAL PROJECT/Space Invaders/Project/vga_driver_to_frame_buf.v Line: 151
Info (10041): Inferred latch for "alien_position_y[18][0]" at vga_driver_to_frame_buf.v(151) File: M:/ECE287/FINAL PROJECT/Space Invaders/Project/vga_driver_to_frame_buf.v Line: 151
Info (10041): Inferred latch for "alien_position_y[18][1]" at vga_driver_to_frame_buf.v(151) File: M:/ECE287/FINAL PROJECT/Space Invaders/Project/vga_driver_to_frame_buf.v Line: 151
Info (10041): Inferred latch for "alien_position_y[18][2]" at vga_driver_to_frame_buf.v(151) File: M:/ECE287/FINAL PROJECT/Space Invaders/Project/vga_driver_to_frame_buf.v Line: 151
Info (10041): Inferred latch for "alien_position_y[18][3]" at vga_driver_to_frame_buf.v(151) File: M:/ECE287/FINAL PROJECT/Space Invaders/Project/vga_driver_to_frame_buf.v Line: 151
Info (10041): Inferred latch for "alien_position_y[18][4]" at vga_driver_to_frame_buf.v(151) File: M:/ECE287/FINAL PROJECT/Space Invaders/Project/vga_driver_to_frame_buf.v Line: 151
Info (10041): Inferred latch for "alien_position_y[18][5]" at vga_driver_to_frame_buf.v(151) File: M:/ECE287/FINAL PROJECT/Space Invaders/Project/vga_driver_to_frame_buf.v Line: 151
Info (10041): Inferred latch for "alien_position_y[18][6]" at vga_driver_to_frame_buf.v(151) File: M:/ECE287/FINAL PROJECT/Space Invaders/Project/vga_driver_to_frame_buf.v Line: 151
Info (10041): Inferred latch for "alien_position_y[18][7]" at vga_driver_to_frame_buf.v(151) File: M:/ECE287/FINAL PROJECT/Space Invaders/Project/vga_driver_to_frame_buf.v Line: 151
Info (10041): Inferred latch for "alien_position_y[18][8]" at vga_driver_to_frame_buf.v(151) File: M:/ECE287/FINAL PROJECT/Space Invaders/Project/vga_driver_to_frame_buf.v Line: 151
Info (10041): Inferred latch for "alien_position_y[18][9]" at vga_driver_to_frame_buf.v(151) File: M:/ECE287/FINAL PROJECT/Space Invaders/Project/vga_driver_to_frame_buf.v Line: 151
Info (10041): Inferred latch for "alien_position_y[19][0]" at vga_driver_to_frame_buf.v(151) File: M:/ECE287/FINAL PROJECT/Space Invaders/Project/vga_driver_to_frame_buf.v Line: 151
Info (10041): Inferred latch for "alien_position_y[19][1]" at vga_driver_to_frame_buf.v(151) File: M:/ECE287/FINAL PROJECT/Space Invaders/Project/vga_driver_to_frame_buf.v Line: 151
Info (10041): Inferred latch for "alien_position_y[19][2]" at vga_driver_to_frame_buf.v(151) File: M:/ECE287/FINAL PROJECT/Space Invaders/Project/vga_driver_to_frame_buf.v Line: 151
Info (10041): Inferred latch for "alien_position_y[19][3]" at vga_driver_to_frame_buf.v(151) File: M:/ECE287/FINAL PROJECT/Space Invaders/Project/vga_driver_to_frame_buf.v Line: 151
Info (10041): Inferred latch for "alien_position_y[19][4]" at vga_driver_to_frame_buf.v(151) File: M:/ECE287/FINAL PROJECT/Space Invaders/Project/vga_driver_to_frame_buf.v Line: 151
Info (10041): Inferred latch for "alien_position_y[19][5]" at vga_driver_to_frame_buf.v(151) File: M:/ECE287/FINAL PROJECT/Space Invaders/Project/vga_driver_to_frame_buf.v Line: 151
Info (10041): Inferred latch for "alien_position_y[19][6]" at vga_driver_to_frame_buf.v(151) File: M:/ECE287/FINAL PROJECT/Space Invaders/Project/vga_driver_to_frame_buf.v Line: 151
Info (10041): Inferred latch for "alien_position_y[19][7]" at vga_driver_to_frame_buf.v(151) File: M:/ECE287/FINAL PROJECT/Space Invaders/Project/vga_driver_to_frame_buf.v Line: 151
Info (10041): Inferred latch for "alien_position_y[19][8]" at vga_driver_to_frame_buf.v(151) File: M:/ECE287/FINAL PROJECT/Space Invaders/Project/vga_driver_to_frame_buf.v Line: 151
Info (10041): Inferred latch for "alien_position_y[19][9]" at vga_driver_to_frame_buf.v(151) File: M:/ECE287/FINAL PROJECT/Space Invaders/Project/vga_driver_to_frame_buf.v Line: 151
Info (10041): Inferred latch for "alien_position_y[20][0]" at vga_driver_to_frame_buf.v(151) File: M:/ECE287/FINAL PROJECT/Space Invaders/Project/vga_driver_to_frame_buf.v Line: 151
Info (10041): Inferred latch for "alien_position_y[20][1]" at vga_driver_to_frame_buf.v(151) File: M:/ECE287/FINAL PROJECT/Space Invaders/Project/vga_driver_to_frame_buf.v Line: 151
Info (10041): Inferred latch for "alien_position_y[20][2]" at vga_driver_to_frame_buf.v(151) File: M:/ECE287/FINAL PROJECT/Space Invaders/Project/vga_driver_to_frame_buf.v Line: 151
Info (10041): Inferred latch for "alien_position_y[20][3]" at vga_driver_to_frame_buf.v(151) File: M:/ECE287/FINAL PROJECT/Space Invaders/Project/vga_driver_to_frame_buf.v Line: 151
Info (10041): Inferred latch for "alien_position_y[20][4]" at vga_driver_to_frame_buf.v(151) File: M:/ECE287/FINAL PROJECT/Space Invaders/Project/vga_driver_to_frame_buf.v Line: 151
Info (10041): Inferred latch for "alien_position_y[20][5]" at vga_driver_to_frame_buf.v(151) File: M:/ECE287/FINAL PROJECT/Space Invaders/Project/vga_driver_to_frame_buf.v Line: 151
Info (10041): Inferred latch for "alien_position_y[20][6]" at vga_driver_to_frame_buf.v(151) File: M:/ECE287/FINAL PROJECT/Space Invaders/Project/vga_driver_to_frame_buf.v Line: 151
Info (10041): Inferred latch for "alien_position_y[20][7]" at vga_driver_to_frame_buf.v(151) File: M:/ECE287/FINAL PROJECT/Space Invaders/Project/vga_driver_to_frame_buf.v Line: 151
Info (10041): Inferred latch for "alien_position_y[20][8]" at vga_driver_to_frame_buf.v(151) File: M:/ECE287/FINAL PROJECT/Space Invaders/Project/vga_driver_to_frame_buf.v Line: 151
Info (10041): Inferred latch for "alien_position_y[20][9]" at vga_driver_to_frame_buf.v(151) File: M:/ECE287/FINAL PROJECT/Space Invaders/Project/vga_driver_to_frame_buf.v Line: 151
Info (10041): Inferred latch for "alien_position_y[21][0]" at vga_driver_to_frame_buf.v(151) File: M:/ECE287/FINAL PROJECT/Space Invaders/Project/vga_driver_to_frame_buf.v Line: 151
Info (10041): Inferred latch for "alien_position_y[21][1]" at vga_driver_to_frame_buf.v(151) File: M:/ECE287/FINAL PROJECT/Space Invaders/Project/vga_driver_to_frame_buf.v Line: 151
Info (10041): Inferred latch for "alien_position_y[21][2]" at vga_driver_to_frame_buf.v(151) File: M:/ECE287/FINAL PROJECT/Space Invaders/Project/vga_driver_to_frame_buf.v Line: 151
Info (10041): Inferred latch for "alien_position_y[21][3]" at vga_driver_to_frame_buf.v(151) File: M:/ECE287/FINAL PROJECT/Space Invaders/Project/vga_driver_to_frame_buf.v Line: 151
Info (10041): Inferred latch for "alien_position_y[21][4]" at vga_driver_to_frame_buf.v(151) File: M:/ECE287/FINAL PROJECT/Space Invaders/Project/vga_driver_to_frame_buf.v Line: 151
Info (10041): Inferred latch for "alien_position_y[21][5]" at vga_driver_to_frame_buf.v(151) File: M:/ECE287/FINAL PROJECT/Space Invaders/Project/vga_driver_to_frame_buf.v Line: 151
Info (10041): Inferred latch for "alien_position_y[21][6]" at vga_driver_to_frame_buf.v(151) File: M:/ECE287/FINAL PROJECT/Space Invaders/Project/vga_driver_to_frame_buf.v Line: 151
Info (10041): Inferred latch for "alien_position_y[21][7]" at vga_driver_to_frame_buf.v(151) File: M:/ECE287/FINAL PROJECT/Space Invaders/Project/vga_driver_to_frame_buf.v Line: 151
Info (10041): Inferred latch for "alien_position_y[21][8]" at vga_driver_to_frame_buf.v(151) File: M:/ECE287/FINAL PROJECT/Space Invaders/Project/vga_driver_to_frame_buf.v Line: 151
Info (10041): Inferred latch for "alien_position_y[21][9]" at vga_driver_to_frame_buf.v(151) File: M:/ECE287/FINAL PROJECT/Space Invaders/Project/vga_driver_to_frame_buf.v Line: 151
Info (10041): Inferred latch for "alien_position_y[22][0]" at vga_driver_to_frame_buf.v(151) File: M:/ECE287/FINAL PROJECT/Space Invaders/Project/vga_driver_to_frame_buf.v Line: 151
Info (10041): Inferred latch for "alien_position_y[22][1]" at vga_driver_to_frame_buf.v(151) File: M:/ECE287/FINAL PROJECT/Space Invaders/Project/vga_driver_to_frame_buf.v Line: 151
Info (10041): Inferred latch for "alien_position_y[22][2]" at vga_driver_to_frame_buf.v(151) File: M:/ECE287/FINAL PROJECT/Space Invaders/Project/vga_driver_to_frame_buf.v Line: 151
Info (10041): Inferred latch for "alien_position_y[22][3]" at vga_driver_to_frame_buf.v(151) File: M:/ECE287/FINAL PROJECT/Space Invaders/Project/vga_driver_to_frame_buf.v Line: 151
Info (10041): Inferred latch for "alien_position_y[22][4]" at vga_driver_to_frame_buf.v(151) File: M:/ECE287/FINAL PROJECT/Space Invaders/Project/vga_driver_to_frame_buf.v Line: 151
Info (10041): Inferred latch for "alien_position_y[22][5]" at vga_driver_to_frame_buf.v(151) File: M:/ECE287/FINAL PROJECT/Space Invaders/Project/vga_driver_to_frame_buf.v Line: 151
Info (10041): Inferred latch for "alien_position_y[22][6]" at vga_driver_to_frame_buf.v(151) File: M:/ECE287/FINAL PROJECT/Space Invaders/Project/vga_driver_to_frame_buf.v Line: 151
Info (10041): Inferred latch for "alien_position_y[22][7]" at vga_driver_to_frame_buf.v(151) File: M:/ECE287/FINAL PROJECT/Space Invaders/Project/vga_driver_to_frame_buf.v Line: 151
Info (10041): Inferred latch for "alien_position_y[22][8]" at vga_driver_to_frame_buf.v(151) File: M:/ECE287/FINAL PROJECT/Space Invaders/Project/vga_driver_to_frame_buf.v Line: 151
Info (10041): Inferred latch for "alien_position_y[22][9]" at vga_driver_to_frame_buf.v(151) File: M:/ECE287/FINAL PROJECT/Space Invaders/Project/vga_driver_to_frame_buf.v Line: 151
Info (10041): Inferred latch for "alien_position_y[23][0]" at vga_driver_to_frame_buf.v(151) File: M:/ECE287/FINAL PROJECT/Space Invaders/Project/vga_driver_to_frame_buf.v Line: 151
Info (10041): Inferred latch for "alien_position_y[23][1]" at vga_driver_to_frame_buf.v(151) File: M:/ECE287/FINAL PROJECT/Space Invaders/Project/vga_driver_to_frame_buf.v Line: 151
Info (10041): Inferred latch for "alien_position_y[23][2]" at vga_driver_to_frame_buf.v(151) File: M:/ECE287/FINAL PROJECT/Space Invaders/Project/vga_driver_to_frame_buf.v Line: 151
Info (10041): Inferred latch for "alien_position_y[23][3]" at vga_driver_to_frame_buf.v(151) File: M:/ECE287/FINAL PROJECT/Space Invaders/Project/vga_driver_to_frame_buf.v Line: 151
Info (10041): Inferred latch for "alien_position_y[23][4]" at vga_driver_to_frame_buf.v(151) File: M:/ECE287/FINAL PROJECT/Space Invaders/Project/vga_driver_to_frame_buf.v Line: 151
Info (10041): Inferred latch for "alien_position_y[23][5]" at vga_driver_to_frame_buf.v(151) File: M:/ECE287/FINAL PROJECT/Space Invaders/Project/vga_driver_to_frame_buf.v Line: 151
Info (10041): Inferred latch for "alien_position_y[23][6]" at vga_driver_to_frame_buf.v(151) File: M:/ECE287/FINAL PROJECT/Space Invaders/Project/vga_driver_to_frame_buf.v Line: 151
Info (10041): Inferred latch for "alien_position_y[23][7]" at vga_driver_to_frame_buf.v(151) File: M:/ECE287/FINAL PROJECT/Space Invaders/Project/vga_driver_to_frame_buf.v Line: 151
Info (10041): Inferred latch for "alien_position_y[23][8]" at vga_driver_to_frame_buf.v(151) File: M:/ECE287/FINAL PROJECT/Space Invaders/Project/vga_driver_to_frame_buf.v Line: 151
Info (10041): Inferred latch for "alien_position_y[23][9]" at vga_driver_to_frame_buf.v(151) File: M:/ECE287/FINAL PROJECT/Space Invaders/Project/vga_driver_to_frame_buf.v Line: 151
Info (10041): Inferred latch for "alien_position_y[24][0]" at vga_driver_to_frame_buf.v(151) File: M:/ECE287/FINAL PROJECT/Space Invaders/Project/vga_driver_to_frame_buf.v Line: 151
Info (10041): Inferred latch for "alien_position_y[24][1]" at vga_driver_to_frame_buf.v(151) File: M:/ECE287/FINAL PROJECT/Space Invaders/Project/vga_driver_to_frame_buf.v Line: 151
Info (10041): Inferred latch for "alien_position_y[24][2]" at vga_driver_to_frame_buf.v(151) File: M:/ECE287/FINAL PROJECT/Space Invaders/Project/vga_driver_to_frame_buf.v Line: 151
Info (10041): Inferred latch for "alien_position_y[24][3]" at vga_driver_to_frame_buf.v(151) File: M:/ECE287/FINAL PROJECT/Space Invaders/Project/vga_driver_to_frame_buf.v Line: 151
Info (10041): Inferred latch for "alien_position_y[24][4]" at vga_driver_to_frame_buf.v(151) File: M:/ECE287/FINAL PROJECT/Space Invaders/Project/vga_driver_to_frame_buf.v Line: 151
Info (10041): Inferred latch for "alien_position_y[24][5]" at vga_driver_to_frame_buf.v(151) File: M:/ECE287/FINAL PROJECT/Space Invaders/Project/vga_driver_to_frame_buf.v Line: 151
Info (10041): Inferred latch for "alien_position_y[24][6]" at vga_driver_to_frame_buf.v(151) File: M:/ECE287/FINAL PROJECT/Space Invaders/Project/vga_driver_to_frame_buf.v Line: 151
Info (10041): Inferred latch for "alien_position_y[24][7]" at vga_driver_to_frame_buf.v(151) File: M:/ECE287/FINAL PROJECT/Space Invaders/Project/vga_driver_to_frame_buf.v Line: 151
Info (10041): Inferred latch for "alien_position_y[24][8]" at vga_driver_to_frame_buf.v(151) File: M:/ECE287/FINAL PROJECT/Space Invaders/Project/vga_driver_to_frame_buf.v Line: 151
Info (10041): Inferred latch for "alien_position_y[24][9]" at vga_driver_to_frame_buf.v(151) File: M:/ECE287/FINAL PROJECT/Space Invaders/Project/vga_driver_to_frame_buf.v Line: 151
Info (10041): Inferred latch for "alien_position_y[25][0]" at vga_driver_to_frame_buf.v(151) File: M:/ECE287/FINAL PROJECT/Space Invaders/Project/vga_driver_to_frame_buf.v Line: 151
Info (10041): Inferred latch for "alien_position_y[25][1]" at vga_driver_to_frame_buf.v(151) File: M:/ECE287/FINAL PROJECT/Space Invaders/Project/vga_driver_to_frame_buf.v Line: 151
Info (10041): Inferred latch for "alien_position_y[25][2]" at vga_driver_to_frame_buf.v(151) File: M:/ECE287/FINAL PROJECT/Space Invaders/Project/vga_driver_to_frame_buf.v Line: 151
Info (10041): Inferred latch for "alien_position_y[25][3]" at vga_driver_to_frame_buf.v(151) File: M:/ECE287/FINAL PROJECT/Space Invaders/Project/vga_driver_to_frame_buf.v Line: 151
Info (10041): Inferred latch for "alien_position_y[25][4]" at vga_driver_to_frame_buf.v(151) File: M:/ECE287/FINAL PROJECT/Space Invaders/Project/vga_driver_to_frame_buf.v Line: 151
Info (10041): Inferred latch for "alien_position_y[25][5]" at vga_driver_to_frame_buf.v(151) File: M:/ECE287/FINAL PROJECT/Space Invaders/Project/vga_driver_to_frame_buf.v Line: 151
Info (10041): Inferred latch for "alien_position_y[25][6]" at vga_driver_to_frame_buf.v(151) File: M:/ECE287/FINAL PROJECT/Space Invaders/Project/vga_driver_to_frame_buf.v Line: 151
Info (10041): Inferred latch for "alien_position_y[25][7]" at vga_driver_to_frame_buf.v(151) File: M:/ECE287/FINAL PROJECT/Space Invaders/Project/vga_driver_to_frame_buf.v Line: 151
Info (10041): Inferred latch for "alien_position_y[25][8]" at vga_driver_to_frame_buf.v(151) File: M:/ECE287/FINAL PROJECT/Space Invaders/Project/vga_driver_to_frame_buf.v Line: 151
Info (10041): Inferred latch for "alien_position_y[25][9]" at vga_driver_to_frame_buf.v(151) File: M:/ECE287/FINAL PROJECT/Space Invaders/Project/vga_driver_to_frame_buf.v Line: 151
Info (10041): Inferred latch for "alien_position_y[26][0]" at vga_driver_to_frame_buf.v(151) File: M:/ECE287/FINAL PROJECT/Space Invaders/Project/vga_driver_to_frame_buf.v Line: 151
Info (10041): Inferred latch for "alien_position_y[26][1]" at vga_driver_to_frame_buf.v(151) File: M:/ECE287/FINAL PROJECT/Space Invaders/Project/vga_driver_to_frame_buf.v Line: 151
Info (10041): Inferred latch for "alien_position_y[26][2]" at vga_driver_to_frame_buf.v(151) File: M:/ECE287/FINAL PROJECT/Space Invaders/Project/vga_driver_to_frame_buf.v Line: 151
Info (10041): Inferred latch for "alien_position_y[26][3]" at vga_driver_to_frame_buf.v(151) File: M:/ECE287/FINAL PROJECT/Space Invaders/Project/vga_driver_to_frame_buf.v Line: 151
Info (10041): Inferred latch for "alien_position_y[26][4]" at vga_driver_to_frame_buf.v(151) File: M:/ECE287/FINAL PROJECT/Space Invaders/Project/vga_driver_to_frame_buf.v Line: 151
Info (10041): Inferred latch for "alien_position_y[26][5]" at vga_driver_to_frame_buf.v(151) File: M:/ECE287/FINAL PROJECT/Space Invaders/Project/vga_driver_to_frame_buf.v Line: 151
Info (10041): Inferred latch for "alien_position_y[26][6]" at vga_driver_to_frame_buf.v(151) File: M:/ECE287/FINAL PROJECT/Space Invaders/Project/vga_driver_to_frame_buf.v Line: 151
Info (10041): Inferred latch for "alien_position_y[26][7]" at vga_driver_to_frame_buf.v(151) File: M:/ECE287/FINAL PROJECT/Space Invaders/Project/vga_driver_to_frame_buf.v Line: 151
Info (10041): Inferred latch for "alien_position_y[26][8]" at vga_driver_to_frame_buf.v(151) File: M:/ECE287/FINAL PROJECT/Space Invaders/Project/vga_driver_to_frame_buf.v Line: 151
Info (10041): Inferred latch for "alien_position_y[26][9]" at vga_driver_to_frame_buf.v(151) File: M:/ECE287/FINAL PROJECT/Space Invaders/Project/vga_driver_to_frame_buf.v Line: 151
Info (10041): Inferred latch for "alien_position_y[27][0]" at vga_driver_to_frame_buf.v(151) File: M:/ECE287/FINAL PROJECT/Space Invaders/Project/vga_driver_to_frame_buf.v Line: 151
Info (10041): Inferred latch for "alien_position_y[27][1]" at vga_driver_to_frame_buf.v(151) File: M:/ECE287/FINAL PROJECT/Space Invaders/Project/vga_driver_to_frame_buf.v Line: 151
Info (10041): Inferred latch for "alien_position_y[27][2]" at vga_driver_to_frame_buf.v(151) File: M:/ECE287/FINAL PROJECT/Space Invaders/Project/vga_driver_to_frame_buf.v Line: 151
Info (10041): Inferred latch for "alien_position_y[27][3]" at vga_driver_to_frame_buf.v(151) File: M:/ECE287/FINAL PROJECT/Space Invaders/Project/vga_driver_to_frame_buf.v Line: 151
Info (10041): Inferred latch for "alien_position_y[27][4]" at vga_driver_to_frame_buf.v(151) File: M:/ECE287/FINAL PROJECT/Space Invaders/Project/vga_driver_to_frame_buf.v Line: 151
Info (10041): Inferred latch for "alien_position_y[27][5]" at vga_driver_to_frame_buf.v(151) File: M:/ECE287/FINAL PROJECT/Space Invaders/Project/vga_driver_to_frame_buf.v Line: 151
Info (10041): Inferred latch for "alien_position_y[27][6]" at vga_driver_to_frame_buf.v(151) File: M:/ECE287/FINAL PROJECT/Space Invaders/Project/vga_driver_to_frame_buf.v Line: 151
Info (10041): Inferred latch for "alien_position_y[27][7]" at vga_driver_to_frame_buf.v(151) File: M:/ECE287/FINAL PROJECT/Space Invaders/Project/vga_driver_to_frame_buf.v Line: 151
Info (10041): Inferred latch for "alien_position_y[27][8]" at vga_driver_to_frame_buf.v(151) File: M:/ECE287/FINAL PROJECT/Space Invaders/Project/vga_driver_to_frame_buf.v Line: 151
Info (10041): Inferred latch for "alien_position_y[27][9]" at vga_driver_to_frame_buf.v(151) File: M:/ECE287/FINAL PROJECT/Space Invaders/Project/vga_driver_to_frame_buf.v Line: 151
Info (10041): Inferred latch for "alien_position_y[28][0]" at vga_driver_to_frame_buf.v(151) File: M:/ECE287/FINAL PROJECT/Space Invaders/Project/vga_driver_to_frame_buf.v Line: 151
Info (10041): Inferred latch for "alien_position_y[28][1]" at vga_driver_to_frame_buf.v(151) File: M:/ECE287/FINAL PROJECT/Space Invaders/Project/vga_driver_to_frame_buf.v Line: 151
Info (10041): Inferred latch for "alien_position_y[28][2]" at vga_driver_to_frame_buf.v(151) File: M:/ECE287/FINAL PROJECT/Space Invaders/Project/vga_driver_to_frame_buf.v Line: 151
Info (10041): Inferred latch for "alien_position_y[28][3]" at vga_driver_to_frame_buf.v(151) File: M:/ECE287/FINAL PROJECT/Space Invaders/Project/vga_driver_to_frame_buf.v Line: 151
Info (10041): Inferred latch for "alien_position_y[28][4]" at vga_driver_to_frame_buf.v(151) File: M:/ECE287/FINAL PROJECT/Space Invaders/Project/vga_driver_to_frame_buf.v Line: 151
Info (10041): Inferred latch for "alien_position_y[28][5]" at vga_driver_to_frame_buf.v(151) File: M:/ECE287/FINAL PROJECT/Space Invaders/Project/vga_driver_to_frame_buf.v Line: 151
Info (10041): Inferred latch for "alien_position_y[28][6]" at vga_driver_to_frame_buf.v(151) File: M:/ECE287/FINAL PROJECT/Space Invaders/Project/vga_driver_to_frame_buf.v Line: 151
Info (10041): Inferred latch for "alien_position_y[28][7]" at vga_driver_to_frame_buf.v(151) File: M:/ECE287/FINAL PROJECT/Space Invaders/Project/vga_driver_to_frame_buf.v Line: 151
Info (10041): Inferred latch for "alien_position_y[28][8]" at vga_driver_to_frame_buf.v(151) File: M:/ECE287/FINAL PROJECT/Space Invaders/Project/vga_driver_to_frame_buf.v Line: 151
Info (10041): Inferred latch for "alien_position_y[28][9]" at vga_driver_to_frame_buf.v(151) File: M:/ECE287/FINAL PROJECT/Space Invaders/Project/vga_driver_to_frame_buf.v Line: 151
Info (10041): Inferred latch for "alien_position_y[29][0]" at vga_driver_to_frame_buf.v(151) File: M:/ECE287/FINAL PROJECT/Space Invaders/Project/vga_driver_to_frame_buf.v Line: 151
Info (10041): Inferred latch for "alien_position_y[29][1]" at vga_driver_to_frame_buf.v(151) File: M:/ECE287/FINAL PROJECT/Space Invaders/Project/vga_driver_to_frame_buf.v Line: 151
Info (10041): Inferred latch for "alien_position_y[29][2]" at vga_driver_to_frame_buf.v(151) File: M:/ECE287/FINAL PROJECT/Space Invaders/Project/vga_driver_to_frame_buf.v Line: 151
Info (10041): Inferred latch for "alien_position_y[29][3]" at vga_driver_to_frame_buf.v(151) File: M:/ECE287/FINAL PROJECT/Space Invaders/Project/vga_driver_to_frame_buf.v Line: 151
Info (10041): Inferred latch for "alien_position_y[29][4]" at vga_driver_to_frame_buf.v(151) File: M:/ECE287/FINAL PROJECT/Space Invaders/Project/vga_driver_to_frame_buf.v Line: 151
Info (10041): Inferred latch for "alien_position_y[29][5]" at vga_driver_to_frame_buf.v(151) File: M:/ECE287/FINAL PROJECT/Space Invaders/Project/vga_driver_to_frame_buf.v Line: 151
Info (10041): Inferred latch for "alien_position_y[29][6]" at vga_driver_to_frame_buf.v(151) File: M:/ECE287/FINAL PROJECT/Space Invaders/Project/vga_driver_to_frame_buf.v Line: 151
Info (10041): Inferred latch for "alien_position_y[29][7]" at vga_driver_to_frame_buf.v(151) File: M:/ECE287/FINAL PROJECT/Space Invaders/Project/vga_driver_to_frame_buf.v Line: 151
Info (10041): Inferred latch for "alien_position_y[29][8]" at vga_driver_to_frame_buf.v(151) File: M:/ECE287/FINAL PROJECT/Space Invaders/Project/vga_driver_to_frame_buf.v Line: 151
Info (10041): Inferred latch for "alien_position_y[29][9]" at vga_driver_to_frame_buf.v(151) File: M:/ECE287/FINAL PROJECT/Space Invaders/Project/vga_driver_to_frame_buf.v Line: 151
Info (10041): Inferred latch for "player_y[0]" at vga_driver_to_frame_buf.v(151) File: M:/ECE287/FINAL PROJECT/Space Invaders/Project/vga_driver_to_frame_buf.v Line: 151
Info (10041): Inferred latch for "player_y[1]" at vga_driver_to_frame_buf.v(151) File: M:/ECE287/FINAL PROJECT/Space Invaders/Project/vga_driver_to_frame_buf.v Line: 151
Info (10041): Inferred latch for "player_y[2]" at vga_driver_to_frame_buf.v(151) File: M:/ECE287/FINAL PROJECT/Space Invaders/Project/vga_driver_to_frame_buf.v Line: 151
Info (10041): Inferred latch for "player_y[3]" at vga_driver_to_frame_buf.v(151) File: M:/ECE287/FINAL PROJECT/Space Invaders/Project/vga_driver_to_frame_buf.v Line: 151
Info (10041): Inferred latch for "player_y[4]" at vga_driver_to_frame_buf.v(151) File: M:/ECE287/FINAL PROJECT/Space Invaders/Project/vga_driver_to_frame_buf.v Line: 151
Info (10041): Inferred latch for "player_y[5]" at vga_driver_to_frame_buf.v(151) File: M:/ECE287/FINAL PROJECT/Space Invaders/Project/vga_driver_to_frame_buf.v Line: 151
Info (10041): Inferred latch for "player_y[6]" at vga_driver_to_frame_buf.v(151) File: M:/ECE287/FINAL PROJECT/Space Invaders/Project/vga_driver_to_frame_buf.v Line: 151
Info (10041): Inferred latch for "player_y[7]" at vga_driver_to_frame_buf.v(151) File: M:/ECE287/FINAL PROJECT/Space Invaders/Project/vga_driver_to_frame_buf.v Line: 151
Info (10041): Inferred latch for "player_y[8]" at vga_driver_to_frame_buf.v(151) File: M:/ECE287/FINAL PROJECT/Space Invaders/Project/vga_driver_to_frame_buf.v Line: 151
Info (10041): Inferred latch for "player_y[9]" at vga_driver_to_frame_buf.v(151) File: M:/ECE287/FINAL PROJECT/Space Invaders/Project/vga_driver_to_frame_buf.v Line: 151
Info (10041): Inferred latch for "player_x[0]" at vga_driver_to_frame_buf.v(151) File: M:/ECE287/FINAL PROJECT/Space Invaders/Project/vga_driver_to_frame_buf.v Line: 151
Info (12128): Elaborating entity "debounce_switches" for hierarchy "debounce_switches:db" File: M:/ECE287/FINAL PROJECT/Space Invaders/Project/vga_driver_to_frame_buf.v Line: 39
Info (12128): Elaborating entity "debounce" for hierarchy "debounce_switches:db|debounce:db0" File: M:/ECE287/FINAL PROJECT/Space Invaders/Project/debounce.v Line: 8
Info (10264): Verilog HDL Case Statement information at debounce.v(59): all case item expressions in this case statement are onehot File: M:/ECE287/FINAL PROJECT/Space Invaders/Project/debounce.v Line: 59
Info (10264): Verilog HDL Case Statement information at debounce.v(95): all case item expressions in this case statement are onehot File: M:/ECE287/FINAL PROJECT/Space Invaders/Project/debounce.v Line: 95
Info (12128): Elaborating entity "vga_frame_driver" for hierarchy "vga_frame_driver:my_frame_driver" File: M:/ECE287/FINAL PROJECT/Space Invaders/Project/vga_driver_to_frame_buf.v Line: 71
Info (10264): Verilog HDL Case Statement information at vga_frame_driver.v(157): all case item expressions in this case statement are onehot File: M:/ECE287/FINAL PROJECT/Space Invaders/Project/vga_frame_driver.v Line: 157
Info (10264): Verilog HDL Case Statement information at vga_frame_driver.v(214): all case item expressions in this case statement are onehot File: M:/ECE287/FINAL PROJECT/Space Invaders/Project/vga_frame_driver.v Line: 214
Info (12128): Elaborating entity "vga_frame" for hierarchy "vga_frame_driver:my_frame_driver|vga_frame:vga_memory0" File: M:/ECE287/FINAL PROJECT/Space Invaders/Project/vga_frame_driver.v Line: 51
Info (12128): Elaborating entity "altsyncram" for hierarchy "vga_frame_driver:my_frame_driver|vga_frame:vga_memory0|altsyncram:altsyncram_component" File: M:/ECE287/FINAL PROJECT/Space Invaders/Project/vga_frame.v Line: 86
Info (12130): Elaborated megafunction instantiation "vga_frame_driver:my_frame_driver|vga_frame:vga_memory0|altsyncram:altsyncram_component" File: M:/ECE287/FINAL PROJECT/Space Invaders/Project/vga_frame.v Line: 86
Info (12133): Instantiated megafunction "vga_frame_driver:my_frame_driver|vga_frame:vga_memory0|altsyncram:altsyncram_component" with the following parameter: File: M:/ECE287/FINAL PROJECT/Space Invaders/Project/vga_frame.v Line: 86
    Info (12134): Parameter "clock_enable_input_a" = "BYPASS"
    Info (12134): Parameter "clock_enable_output_a" = "BYPASS"
    Info (12134): Parameter "init_file" = "image.mif"
    Info (12134): Parameter "intended_device_family" = "Cyclone IV E"
    Info (12134): Parameter "lpm_hint" = "ENABLE_RUNTIME_MOD=NO"
    Info (12134): Parameter "lpm_type" = "altsyncram"
    Info (12134): Parameter "numwords_a" = "32768"
    Info (12134): Parameter "operation_mode" = "SINGLE_PORT"
    Info (12134): Parameter "outdata_aclr_a" = "NONE"
    Info (12134): Parameter "outdata_reg_a" = "UNREGISTERED"
    Info (12134): Parameter "power_up_uninitialized" = "FALSE"
    Info (12134): Parameter "read_during_write_mode_port_a" = "NEW_DATA_NO_NBE_READ"
    Info (12134): Parameter "widthad_a" = "15"
    Info (12134): Parameter "width_a" = "24"
    Info (12134): Parameter "width_byteena_a" = "1"
Info (12021): Found 1 design units, including 1 entities, in source file db/altsyncram_1go1.tdf
    Info (12023): Found entity 1: altsyncram_1go1 File: M:/ECE287/FINAL PROJECT/Space Invaders/Project/db/altsyncram_1go1.tdf Line: 34
Info (12128): Elaborating entity "altsyncram_1go1" for hierarchy "vga_frame_driver:my_frame_driver|vga_frame:vga_memory0|altsyncram:altsyncram_component|altsyncram_1go1:auto_generated" File: c:/intelfpga_lite/23.1std/quartus/libraries/megafunctions/altsyncram.tdf Line: 792
Info (12021): Found 1 design units, including 1 entities, in source file db/decode_8la.tdf
    Info (12023): Found entity 1: decode_8la File: M:/ECE287/FINAL PROJECT/Space Invaders/Project/db/decode_8la.tdf Line: 23
Info (12128): Elaborating entity "decode_8la" for hierarchy "vga_frame_driver:my_frame_driver|vga_frame:vga_memory0|altsyncram:altsyncram_component|altsyncram_1go1:auto_generated|decode_8la:decode3" File: M:/ECE287/FINAL PROJECT/Space Invaders/Project/db/altsyncram_1go1.tdf Line: 44
Info (12021): Found 1 design units, including 1 entities, in source file db/decode_11a.tdf
    Info (12023): Found entity 1: decode_11a File: M:/ECE287/FINAL PROJECT/Space Invaders/Project/db/decode_11a.tdf Line: 23
Info (12128): Elaborating entity "decode_11a" for hierarchy "vga_frame_driver:my_frame_driver|vga_frame:vga_memory0|altsyncram:altsyncram_component|altsyncram_1go1:auto_generated|decode_11a:rden_decode" File: M:/ECE287/FINAL PROJECT/Space Invaders/Project/db/altsyncram_1go1.tdf Line: 45
Info (12021): Found 1 design units, including 1 entities, in source file db/mux_6hb.tdf
    Info (12023): Found entity 1: mux_6hb File: M:/ECE287/FINAL PROJECT/Space Invaders/Project/db/mux_6hb.tdf Line: 23
Info (12128): Elaborating entity "mux_6hb" for hierarchy "vga_frame_driver:my_frame_driver|vga_frame:vga_memory0|altsyncram:altsyncram_component|altsyncram_1go1:auto_generated|mux_6hb:mux2" File: M:/ECE287/FINAL PROJECT/Space Invaders/Project/db/altsyncram_1go1.tdf Line: 46
Info (12128): Elaborating entity "vga_driver" for hierarchy "vga_frame_driver:my_frame_driver|vga_driver:the_vga" File: M:/ECE287/FINAL PROJECT/Space Invaders/Project/vga_frame_driver.v Line: 139
Warning (12241): 4 hierarchies have connectivity warnings - see the Connectivity Checks report folder
Warning (13024): Output pins are stuck at VCC or GND
    Warning (13410): Pin "HEX0[0]" is stuck at GND File: M:/ECE287/FINAL PROJECT/Space Invaders/Project/vga_driver_to_frame_buf.v Line: 5
    Warning (13410): Pin "HEX0[1]" is stuck at GND File: M:/ECE287/FINAL PROJECT/Space Invaders/Project/vga_driver_to_frame_buf.v Line: 5
    Warning (13410): Pin "HEX0[2]" is stuck at GND File: M:/ECE287/FINAL PROJECT/Space Invaders/Project/vga_driver_to_frame_buf.v Line: 5
    Warning (13410): Pin "HEX0[3]" is stuck at GND File: M:/ECE287/FINAL PROJECT/Space Invaders/Project/vga_driver_to_frame_buf.v Line: 5
    Warning (13410): Pin "HEX0[4]" is stuck at GND File: M:/ECE287/FINAL PROJECT/Space Invaders/Project/vga_driver_to_frame_buf.v Line: 5
    Warning (13410): Pin "HEX0[5]" is stuck at GND File: M:/ECE287/FINAL PROJECT/Space Invaders/Project/vga_driver_to_frame_buf.v Line: 5
    Warning (13410): Pin "HEX0[6]" is stuck at GND File: M:/ECE287/FINAL PROJECT/Space Invaders/Project/vga_driver_to_frame_buf.v Line: 5
    Warning (13410): Pin "HEX1[0]" is stuck at GND File: M:/ECE287/FINAL PROJECT/Space Invaders/Project/vga_driver_to_frame_buf.v Line: 6
    Warning (13410): Pin "HEX1[1]" is stuck at GND File: M:/ECE287/FINAL PROJECT/Space Invaders/Project/vga_driver_to_frame_buf.v Line: 6
    Warning (13410): Pin "HEX1[2]" is stuck at GND File: M:/ECE287/FINAL PROJECT/Space Invaders/Project/vga_driver_to_frame_buf.v Line: 6
    Warning (13410): Pin "HEX1[3]" is stuck at GND File: M:/ECE287/FINAL PROJECT/Space Invaders/Project/vga_driver_to_frame_buf.v Line: 6
    Warning (13410): Pin "HEX1[4]" is stuck at GND File: M:/ECE287/FINAL PROJECT/Space Invaders/Project/vga_driver_to_frame_buf.v Line: 6
    Warning (13410): Pin "HEX1[5]" is stuck at GND File: M:/ECE287/FINAL PROJECT/Space Invaders/Project/vga_driver_to_frame_buf.v Line: 6
    Warning (13410): Pin "HEX1[6]" is stuck at GND File: M:/ECE287/FINAL PROJECT/Space Invaders/Project/vga_driver_to_frame_buf.v Line: 6
    Warning (13410): Pin "HEX2[0]" is stuck at GND File: M:/ECE287/FINAL PROJECT/Space Invaders/Project/vga_driver_to_frame_buf.v Line: 7
    Warning (13410): Pin "HEX2[1]" is stuck at GND File: M:/ECE287/FINAL PROJECT/Space Invaders/Project/vga_driver_to_frame_buf.v Line: 7
    Warning (13410): Pin "HEX2[2]" is stuck at GND File: M:/ECE287/FINAL PROJECT/Space Invaders/Project/vga_driver_to_frame_buf.v Line: 7
    Warning (13410): Pin "HEX2[3]" is stuck at GND File: M:/ECE287/FINAL PROJECT/Space Invaders/Project/vga_driver_to_frame_buf.v Line: 7
    Warning (13410): Pin "HEX2[4]" is stuck at GND File: M:/ECE287/FINAL PROJECT/Space Invaders/Project/vga_driver_to_frame_buf.v Line: 7
    Warning (13410): Pin "HEX2[5]" is stuck at GND File: M:/ECE287/FINAL PROJECT/Space Invaders/Project/vga_driver_to_frame_buf.v Line: 7
    Warning (13410): Pin "HEX2[6]" is stuck at GND File: M:/ECE287/FINAL PROJECT/Space Invaders/Project/vga_driver_to_frame_buf.v Line: 7
    Warning (13410): Pin "HEX3[0]" is stuck at GND File: M:/ECE287/FINAL PROJECT/Space Invaders/Project/vga_driver_to_frame_buf.v Line: 8
    Warning (13410): Pin "HEX3[1]" is stuck at GND File: M:/ECE287/FINAL PROJECT/Space Invaders/Project/vga_driver_to_frame_buf.v Line: 8
    Warning (13410): Pin "HEX3[2]" is stuck at GND File: M:/ECE287/FINAL PROJECT/Space Invaders/Project/vga_driver_to_frame_buf.v Line: 8
    Warning (13410): Pin "HEX3[3]" is stuck at GND File: M:/ECE287/FINAL PROJECT/Space Invaders/Project/vga_driver_to_frame_buf.v Line: 8
    Warning (13410): Pin "HEX3[4]" is stuck at GND File: M:/ECE287/FINAL PROJECT/Space Invaders/Project/vga_driver_to_frame_buf.v Line: 8
    Warning (13410): Pin "HEX3[5]" is stuck at GND File: M:/ECE287/FINAL PROJECT/Space Invaders/Project/vga_driver_to_frame_buf.v Line: 8
    Warning (13410): Pin "HEX3[6]" is stuck at GND File: M:/ECE287/FINAL PROJECT/Space Invaders/Project/vga_driver_to_frame_buf.v Line: 8
    Warning (13410): Pin "LEDR[0]" is stuck at GND File: M:/ECE287/FINAL PROJECT/Space Invaders/Project/vga_driver_to_frame_buf.v Line: 12
    Warning (13410): Pin "LEDR[1]" is stuck at GND File: M:/ECE287/FINAL PROJECT/Space Invaders/Project/vga_driver_to_frame_buf.v Line: 12
    Warning (13410): Pin "LEDR[2]" is stuck at GND File: M:/ECE287/FINAL PROJECT/Space Invaders/Project/vga_driver_to_frame_buf.v Line: 12
    Warning (13410): Pin "LEDR[3]" is stuck at GND File: M:/ECE287/FINAL PROJECT/Space Invaders/Project/vga_driver_to_frame_buf.v Line: 12
    Warning (13410): Pin "LEDR[4]" is stuck at GND File: M:/ECE287/FINAL PROJECT/Space Invaders/Project/vga_driver_to_frame_buf.v Line: 12
    Warning (13410): Pin "LEDR[5]" is stuck at GND File: M:/ECE287/FINAL PROJECT/Space Invaders/Project/vga_driver_to_frame_buf.v Line: 12
    Warning (13410): Pin "LEDR[6]" is stuck at GND File: M:/ECE287/FINAL PROJECT/Space Invaders/Project/vga_driver_to_frame_buf.v Line: 12
    Warning (13410): Pin "LEDR[7]" is stuck at GND File: M:/ECE287/FINAL PROJECT/Space Invaders/Project/vga_driver_to_frame_buf.v Line: 12
    Warning (13410): Pin "LEDR[8]" is stuck at GND File: M:/ECE287/FINAL PROJECT/Space Invaders/Project/vga_driver_to_frame_buf.v Line: 12
    Warning (13410): Pin "VGA_SYNC_N" is stuck at VCC File: M:/ECE287/FINAL PROJECT/Space Invaders/Project/vga_driver_to_frame_buf.v Line: 22
Info (286030): Timing-Driven Synthesis is running
Info (17049): 312 registers lost all their fanouts during netlist optimizations.
Info (144001): Generated suppressed messages file M:/ECE287/FINAL PROJECT/Space Invaders/Project/output_files/vga_driver_to_frame_buf.map.smsg
Info (16010): Generating hard_block partition "hard_block:auto_generated_inst"
    Info (16011): Adding 0 node(s), including 0 DDIO, 0 PLL, 0 transceiver and 0 LCELL
Warning (21074): Design contains 10 input pin(s) that do not drive logic
    Warning (15610): No output dependent on input pin "SW[5]" File: M:/ECE287/FINAL PROJECT/Space Invaders/Project/vga_driver_to_frame_buf.v Line: 14
    Warning (15610): No output dependent on input pin "SW[4]" File: M:/ECE287/FINAL PROJECT/Space Invaders/Project/vga_driver_to_frame_buf.v Line: 14
    Warning (15610): No output dependent on input pin "SW[3]" File: M:/ECE287/FINAL PROJECT/Space Invaders/Project/vga_driver_to_frame_buf.v Line: 14
    Warning (15610): No output dependent on input pin "SW[2]" File: M:/ECE287/FINAL PROJECT/Space Invaders/Project/vga_driver_to_frame_buf.v Line: 14
    Warning (15610): No output dependent on input pin "SW[1]" File: M:/ECE287/FINAL PROJECT/Space Invaders/Project/vga_driver_to_frame_buf.v Line: 14
    Warning (15610): No output dependent on input pin "SW[9]" File: M:/ECE287/FINAL PROJECT/Space Invaders/Project/vga_driver_to_frame_buf.v Line: 14
    Warning (15610): No output dependent on input pin "SW[8]" File: M:/ECE287/FINAL PROJECT/Space Invaders/Project/vga_driver_to_frame_buf.v Line: 14
    Warning (15610): No output dependent on input pin "SW[7]" File: M:/ECE287/FINAL PROJECT/Space Invaders/Project/vga_driver_to_frame_buf.v Line: 14
    Warning (15610): No output dependent on input pin "SW[6]" File: M:/ECE287/FINAL PROJECT/Space Invaders/Project/vga_driver_to_frame_buf.v Line: 14
    Warning (15610): No output dependent on input pin "KEY[3]" File: M:/ECE287/FINAL PROJECT/Space Invaders/Project/vga_driver_to_frame_buf.v Line: 10
Info (21057): Implemented 4585 device resources after synthesis - the final resource count might be different
    Info (21058): Implemented 15 input pins
    Info (21059): Implemented 67 output pins
    Info (21061): Implemented 4215 logic cells
    Info (21064): Implemented 288 RAM segments
Info: Quartus Prime Analysis & Synthesis was successful. 0 errors, 70 warnings
    Info: Peak virtual memory: 4959 megabytes
    Info: Processing ended: Sat Dec  6 12:58:44 2025
    Info: Elapsed time: 00:00:21
    Info: Total CPU time (on all processors): 00:00:12


+------------------------------------------+
; Analysis & Synthesis Suppressed Messages ;
+------------------------------------------+
The suppressed messages can be found in M:/ECE287/FINAL PROJECT/Space Invaders/Project/output_files/vga_driver_to_frame_buf.map.smsg.


